,Tg,Mn,Mw,SMILES_start,SMILES_end,SMILES_rep_u1,molpercent_rep_u1,SMILES_rep_u2,molpercent_rep_u2,PSMILES_rep_u1,PSMILES_rep_u2,name,canonicalized_PSMILES_rep_u1,canonicalized_PSMILES_rep_u2
0,90.9,8500.0,12665.0,[C](C)(C)(C#N),[S]C(=S)c1ccccc1,[CH2][C](C)(C(=O)OC),1.0,,,[*]CC([*])(C)(C(=O)OC),,,[*]CC([*])(C)C(=O)OC,
1,72.2,9000.0,14310.0,[C](C)(C)(C#N),[S]C(=S)c1ccccc1,[CH2][C](C)(C(=O)OC),0.5,[CH2][C](C)(C(=O)OCC),0.5,[*]CC([*])(C)(C(=O)OC),[*]CC([*])(C)(C(=O)OCC),,[*]CC([*])(C)C(=O)OC,[*]CC([*])(C)C(=O)OCC
2,106.2,1200.0,2760.0,[C](C)(C)(C#N),[S]C(=S)c1ccccc1,[CH2][C](C)(C(=O)OC),0.5,[CH2][C](C)(C(=O)OCCO),0.5,[*]CC([*])(C)(C(=O)OC),[*]CC([*])(C)(C(=O)OCCO),,[*]CC([*])(C)C(=O)OC,[*]CC([*])(C)C(=O)OCCO
3,72.4,12700.0,18161.0,[C](C)(C)(C#N),[S]C(=S)c1ccccc1,[CH2][C](C)(C(=O)OC),0.5,[CH2][C](C)(C(=O)OCCC),0.5,[*]CC([*])(C)(C(=O)OC),[*]CC([*])(C)(C(=O)OCCC),,[*]CC([*])(C)C(=O)OC,[*]CC([*])(C)C(=O)OCCC
4,76.4,11500.0,17710.0,[C](C)(C)(C#N),[S]C(=S)c1ccccc1,[CH2][C](C)(C(=O)OC),0.5,[CH2][C](C)(C(=O)OC(C)C),0.5,[*]CC([*])(C)(C(=O)OC),[*]CC([*])(C)(C(=O)OC(C)C),,[*]CC([*])(C)C(=O)OC,[*]CC([*])(C)C(=O)OC(C)C
5,43.7,11100.0,17982.0,[C](C)(C)(C#N),[S]C(=S)c1ccccc1,[CH2][C](C)(C(=O)OC),0.5,[CH2][C](C)(C(=O)OCCCC),0.5,[*]CC([*])(C)(C(=O)OC),[*]CC([*])(C)(C(=O)OCCCC),,[*]CC([*])(C)C(=O)OC,[*]CC([*])(C)C(=O)OCCCC
6,82.7,12300.0,19926.0,[C](C)(C)(C#N),[S]C(=S)c1ccccc1,[CH2][C](C)(C(=O)OC),0.5,[CH2][C](C)(C(=O)OCC(C)C),0.5,[*]CC([*])(C)(C(=O)OC),[*]CC([*])(C)(C(=O)OCC(C)C),,[*]CC([*])(C)C(=O)OC,[*]CC([*])(C)C(=O)OCC(C)C
7,91.5,14500.0,21605.0,[C](C)(C)(C#N),[S]C(=S)c1ccccc1,[CH2][C](C)(C(=O)OC),0.5,[CH2][C](C)(C(=O)OC(C)(C)C),0.5,[*]CC([*])(C)(C(=O)OC),[*]CC([*])(C)(C(=O)OC(C)(C)C),,[*]CC([*])(C)C(=O)OC,[*]CC([*])(C)C(=O)OC(C)(C)C
8,81.1,7500.0,9450.0,[C](C)(C)(C#N),[S]C(=S)c1ccccc1,[CH2][C](C)(C(=O)OC),0.5,[CH2][C](C)(C(=O)OC1CCCCC1),0.5,[*]CC([*])(C)(C(=O)OC),[*]CC([*])(C)(C(=O)OC1CCCCC1),,[*]CC([*])(C)C(=O)OC,[*]CC([*])(C)C(=O)OC1CCCCC1
9,45.6,9600.0,12576.0,[C](C)(C)(C#N),[S]C(=S)c1ccccc1,[CH2][C](C)(C(=O)OC),0.5,[CH2][C](C)(C(=O)OCc1ccccc1),0.5,[*]CC([*])(C)(C(=O)OC),[*]CC([*])(C)(C(=O)OCc1ccccc1),,[*]CC([*])(C)C(=O)OC,[*]CC([*])(C)C(=O)OCc1ccccc1
10,98.6,10400.0,16328.0,[C](C)(C)(C#N),[S]C(=S)c1ccccc1,[CH2][C](C)(C(=O)OC),0.5,[CH2][C](C)(C(=O)Oc1ccccc1),0.5,[*]CC([*])(C)(C(=O)OC),[*]CC([*])(C)(C(=O)Oc1ccccc1),,[*]CC([*])(C)C(=O)OC,[*]CC([*])(C)C(=O)Oc1ccccc1
11,138.7,15400.0,20944.0,[C](C)(C)(C#N),[S]C(=S)c1ccccc1,[CH2][C](C)(C(=O)OC),0.5,[CH2][C](C)(C(=O)OC1C[C@H]2CC[C@]1(C)C2(C)C),0.5,[*]CC([*])(C)(C(=O)OC),[*]CC([*])(C)(C(=O)OC1C[C@H]2CC[C@]1(C)C2(C)C),,[*]CC([*])(C)C(=O)OC,[*]CC([*])(C)C(=O)OC1C[C@H]2CC[C@]1(C)C2(C)C
12,72.2,7700.0,10857.0,[C](C)(C)(C#N),[S]C(=S)c1ccccc1,[CH2][C](C)(C(=O)OC),0.5,[CH2][CH](C(=O)OC(C)(C)C),0.5,[*]CC([*])(C)(C(=O)OC),[*]CC([*])(C(=O)OC(C)(C)C),,[*]CC([*])(C)C(=O)OC,[*]CC([*])C(=O)OC(C)(C)C
13,44.0,6800.0,11220.0,[C](C)(C)(C#N),[S]C(=S)c1ccccc1,[CH2][C](C)(C(=O)OC),0.5,[CH2][CH](C(=O)OC1CCCCC1),0.5,[*]CC([*])(C)(C(=O)OC),[*]CC([*])(C(=O)OC1CCCCC1),,[*]CC([*])(C)C(=O)OC,[*]CC([*])C(=O)OC1CCCCC1
14,75.6,10400.0,14144.000000000002,[C](C)(C)(C#N),[S]C(=S)c1ccccc1,[CH2][C](C)(C(=O)OC),0.5,[CH2][CH](C(=O)OC1C[C@H]2CC[C@]1(C)C2(C)C),0.5,[*]CC([*])(C)(C(=O)OC),[*]CC([*])(C(=O)OC1C[C@H]2CC[C@]1(C)C2(C)C),,[*]CC([*])(C)C(=O)OC,[*]CC([*])C(=O)OC1C[C@H]2CC[C@]1(C)C2(C)C
15,43.0,13700.0,20276.0,[C](C)(C)(C#N),[S]C(=S)c1ccccc1,[CH2][C](C)(C(=O)OCC),1.0,,,[*]CC([*])(C)(C(=O)OCC),,,[*]CC([*])(C)C(=O)OCC,
16,83.7,14300.0,22737.0,[C](C)(C)(C#N),[S]C(=S)c1ccccc1,[CH2][C](C)(C(=O)OCC),0.5,[CH2][C](C)(C(=O)OCCO),0.5,[*]CC([*])(C)(C(=O)OCC),[*]CC([*])(C)(C(=O)OCCO),,[*]CC([*])(C)C(=O)OCC,[*]CC([*])(C)C(=O)OCCO
17,38.1,13800.0,18906.0,[C](C)(C)(C#N),[S]C(=S)c1ccccc1,[CH2][C](C)(C(=O)OCC),0.5,[CH2][C](C)(C(=O)OCCC),0.5,[*]CC([*])(C)(C(=O)OCC),[*]CC([*])(C)(C(=O)OCCC),,[*]CC([*])(C)C(=O)OCC,[*]CC([*])(C)C(=O)OCCC
18,53.7,11500.0,18630.0,[C](C)(C)(C#N),[S]C(=S)c1ccccc1,[CH2][C](C)(C(=O)OCC),0.5,[CH2][C](C)(C(=O)OC(C)C),0.5,[*]CC([*])(C)(C(=O)OCC),[*]CC([*])(C)(C(=O)OC(C)C),,[*]CC([*])(C)C(=O)OCC,[*]CC([*])(C)C(=O)OC(C)C
19,30.4,13700.0,20687.0,[C](C)(C)(C#N),[S]C(=S)c1ccccc1,[CH2][C](C)(C(=O)OCC),0.5,[CH2][C](C)(C(=O)OCCCC),0.5,[*]CC([*])(C)(C(=O)OCC),[*]CC([*])(C)(C(=O)OCCCC),,[*]CC([*])(C)C(=O)OCC,[*]CC([*])(C)C(=O)OCCCC
20,47.5,14500.0,20880.0,[C](C)(C)(C#N),[S]C(=S)c1ccccc1,[CH2][C](C)(C(=O)OCC),0.5,[CH2][C](C)(C(=O)OCC(C)C),0.5,[*]CC([*])(C)(C(=O)OCC),[*]CC([*])(C)(C(=O)OCC(C)C),,[*]CC([*])(C)C(=O)OCC,[*]CC([*])(C)C(=O)OCC(C)C
21,74.2,11900.0,18683.0,[C](C)(C)(C#N),[S]C(=S)c1ccccc1,[CH2][C](C)(C(=O)OCC),0.5,[CH2][C](C)(C(=O)OC(C)(C)C),0.5,[*]CC([*])(C)(C(=O)OCC),[*]CC([*])(C)(C(=O)OC(C)(C)C),,[*]CC([*])(C)C(=O)OCC,[*]CC([*])(C)C(=O)OC(C)(C)C
22,69.6,15100.0,19932.0,[C](C)(C)(C#N),[S]C(=S)c1ccccc1,[CH2][C](C)(C(=O)OCC),0.5,[CH2][C](C)(C(=O)OC1CCCCC1),0.5,[*]CC([*])(C)(C(=O)OCC),[*]CC([*])(C)(C(=O)OC1CCCCC1),,[*]CC([*])(C)C(=O)OCC,[*]CC([*])(C)C(=O)OC1CCCCC1
23,36.4,14500.0,20010.0,[C](C)(C)(C#N),[S]C(=S)c1ccccc1,[CH2][C](C)(C(=O)OCC),0.5,[CH2][C](C)(C(=O)OCc1ccccc1),0.5,[*]CC([*])(C)(C(=O)OCC),[*]CC([*])(C)(C(=O)OCc1ccccc1),,[*]CC([*])(C)C(=O)OCC,[*]CC([*])(C)C(=O)OCc1ccccc1
24,82.2,14200.0,21868.0,[C](C)(C)(C#N),[S]C(=S)c1ccccc1,[CH2][C](C)(C(=O)OCC),0.5,[CH2][C](C)(C(=O)Oc1ccccc1),0.5,[*]CC([*])(C)(C(=O)OCC),[*]CC([*])(C)(C(=O)Oc1ccccc1),,[*]CC([*])(C)C(=O)OCC,[*]CC([*])(C)C(=O)Oc1ccccc1
25,93.0,15200.0,22648.0,[C](C)(C)(C#N),[S]C(=S)c1ccccc1,[CH2][C](C)(C(=O)OCC),0.5,[CH2][C](C)(C(=O)OC1C[C@H]2CC[C@]1(C)C2(C)C),0.5,[*]CC([*])(C)(C(=O)OCC),[*]CC([*])(C)(C(=O)OC1C[C@H]2CC[C@]1(C)C2(C)C),,[*]CC([*])(C)C(=O)OCC,[*]CC([*])(C)C(=O)OC1C[C@H]2CC[C@]1(C)C2(C)C
26,46.5,10500.0,14280.000000000002,[C](C)(C)(C#N),[S]C(=S)c1ccccc1,[CH2][C](C)(C(=O)OCC),0.5,[CH2][CH](C(=O)OC(C)(C)C),0.5,[*]CC([*])(C)(C(=O)OCC),[*]CC([*])(C(=O)OC(C)(C)C),,[*]CC([*])(C)C(=O)OCC,[*]CC([*])C(=O)OC(C)(C)C
27,25.8,6800.0,10064.0,[C](C)(C)(C#N),[S]C(=S)c1ccccc1,[CH2][C](C)(C(=O)OCC),0.5,[CH2][CH](C(=O)OC1CCCCC1),0.5,[*]CC([*])(C)(C(=O)OCC),[*]CC([*])(C(=O)OC1CCCCC1),,[*]CC([*])(C)C(=O)OCC,[*]CC([*])C(=O)OC1CCCCC1
28,64.1,9700.0,14259.0,[C](C)(C)(C#N),[S]C(=S)c1ccccc1,[CH2][C](C)(C(=O)OCC),0.5,[CH2][CH](C(=O)OC1C[C@H]2CC[C@]1(C)C2(C)C),0.5,[*]CC([*])(C)(C(=O)OCC),[*]CC([*])(C(=O)OC1C[C@H]2CC[C@]1(C)C2(C)C),,[*]CC([*])(C)C(=O)OCC,[*]CC([*])C(=O)OC1C[C@H]2CC[C@]1(C)C2(C)C
29,97.0,5500.0,9350.0,[C](C)(C)(C#N),[S]C(=S)c1ccccc1,[CH2][C](C)(C(=O)OCCO),0.5,[CH2][C](C)(C(=O)OCCC),0.5,[*]CC([*])(C)(C(=O)OCCO),[*]CC([*])(C)(C(=O)OCCC),,[*]CC([*])(C)C(=O)OCCO,[*]CC([*])(C)C(=O)OCCC
30,91.6,7300.0,11534.0,[C](C)(C)(C#N),[S]C(=S)c1ccccc1,[CH2][C](C)(C(=O)OCCO),0.5,[CH2][C](C)(C(=O)OC(C)C),0.5,[*]CC([*])(C)(C(=O)OCCO),[*]CC([*])(C)(C(=O)OC(C)C),,[*]CC([*])(C)C(=O)OCCO,[*]CC([*])(C)C(=O)OC(C)C
31,58.2,9000.0,14490.0,[C](C)(C)(C#N),[S]C(=S)c1ccccc1,[CH2][C](C)(C(=O)OCCO),0.5,[CH2][C](C)(C(=O)OCCCC),0.5,[*]CC([*])(C)(C(=O)OCCO),[*]CC([*])(C)(C(=O)OCCCC),,[*]CC([*])(C)C(=O)OCCO,[*]CC([*])(C)C(=O)OCCCC
32,85.0,6100.0,11651.0,[C](C)(C)(C#N),[S]C(=S)c1ccccc1,[CH2][C](C)(C(=O)OCCO),0.5,[CH2][C](C)(C(=O)OCC(C)C),0.5,[*]CC([*])(C)(C(=O)OCCO),[*]CC([*])(C)(C(=O)OCC(C)C),,[*]CC([*])(C)C(=O)OCCO,[*]CC([*])(C)C(=O)OCC(C)C
33,152.8,9400.0,14476.0,[C](C)(C)(C#N),[S]C(=S)c1ccccc1,[CH2][C](C)(C(=O)OCCO),0.5,[CH2][C](C)(C(=O)OC(C)(C)C),0.5,[*]CC([*])(C)(C(=O)OCCO),[*]CC([*])(C)(C(=O)OC(C)(C)C),,[*]CC([*])(C)C(=O)OCCO,[*]CC([*])(C)C(=O)OC(C)(C)C
34,91.3,9600.0,15552.000000000002,[C](C)(C)(C#N),[S]C(=S)c1ccccc1,[CH2][C](C)(C(=O)OCCO),0.5,[CH2][C](C)(C(=O)OC1CCCCC1),0.5,[*]CC([*])(C)(C(=O)OCCO),[*]CC([*])(C)(C(=O)OC1CCCCC1),,[*]CC([*])(C)C(=O)OCCO,[*]CC([*])(C)C(=O)OC1CCCCC1
35,76.4,8100.0,13284.0,[C](C)(C)(C#N),[S]C(=S)c1ccccc1,[CH2][C](C)(C(=O)OCCO),0.5,[CH2][C](C)(C(=O)OCc1ccccc1),0.5,[*]CC([*])(C)(C(=O)OCCO),[*]CC([*])(C)(C(=O)OCc1ccccc1),,[*]CC([*])(C)C(=O)OCCO,[*]CC([*])(C)C(=O)OCc1ccccc1
36,104.4,4900.0,9653.0,[C](C)(C)(C#N),[S]C(=S)c1ccccc1,[CH2][C](C)(C(=O)OCCO),0.5,[CH2][C](C)(C(=O)Oc1ccccc1),0.5,[*]CC([*])(C)(C(=O)OCCO),[*]CC([*])(C)(C(=O)Oc1ccccc1),,[*]CC([*])(C)C(=O)OCCO,[*]CC([*])(C)C(=O)Oc1ccccc1
37,116.5,13200.0,18744.0,[C](C)(C)(C#N),[S]C(=S)c1ccccc1,[CH2][C](C)(C(=O)OCCO),0.5,[CH2][C](C)(C(=O)OC1C[C@H]2CC[C@]1(C)C2(C)C),0.5,[*]CC([*])(C)(C(=O)OCCO),[*]CC([*])(C)(C(=O)OC1C[C@H]2CC[C@]1(C)C2(C)C),,[*]CC([*])(C)C(=O)OCCO,[*]CC([*])(C)C(=O)OC1C[C@H]2CC[C@]1(C)C2(C)C
38,75.3,2300.0,4347.0,[C](C)(C)(C#N),[S]C(=S)c1ccccc1,[CH2][C](C)(C(=O)OCCO),0.5,[CH2][CH](C(=O)OC(C)(C)C),0.5,[*]CC([*])(C)(C(=O)OCCO),[*]CC([*])(C(=O)OC(C)(C)C),,[*]CC([*])(C)C(=O)OCCO,[*]CC([*])C(=O)OC(C)(C)C
39,54.3,5600.0,10024.0,[C](C)(C)(C#N),[S]C(=S)c1ccccc1,[CH2][C](C)(C(=O)OCCO),0.5,[CH2][CH](C(=O)OC1CCCCC1),0.5,[*]CC([*])(C)(C(=O)OCCO),[*]CC([*])(C(=O)OC1CCCCC1),,[*]CC([*])(C)C(=O)OCCO,[*]CC([*])C(=O)OC1CCCCC1
40,84.1,6400.0,11200.0,[C](C)(C)(C#N),[S]C(=S)c1ccccc1,[CH2][C](C)(C(=O)OCCO),0.5,[CH2][CH](C(=O)OC1C[C@H]2CC[C@]1(C)C2(C)C),0.5,[*]CC([*])(C)(C(=O)OCCO),[*]CC([*])(C(=O)OC1C[C@H]2CC[C@]1(C)C2(C)C),,[*]CC([*])(C)C(=O)OCCO,[*]CC([*])C(=O)OC1C[C@H]2CC[C@]1(C)C2(C)C
41,32.6,11500.0,19205.0,[C](C)(C)(C#N),[S]C(=S)c1ccccc1,[CH2][C](C)(C(=O)OCCC),1.0,,,[*]CC([*])(C)(C(=O)OCCC),,,[*]CC([*])(C)C(=O)OCCC,
42,49.0,11900.0,18564.0,[C](C)(C)(C#N),[S]C(=S)c1ccccc1,[CH2][C](C)(C(=O)OCCC),0.5,[CH2][C](C)(C(=O)OC(C)C),0.5,[*]CC([*])(C)(C(=O)OCCC),[*]CC([*])(C)(C(=O)OC(C)C),,[*]CC([*])(C)C(=O)OCCC,[*]CC([*])(C)C(=O)OC(C)C
43,43.8,15200.0,24472.0,[C](C)(C)(C#N),[S]C(=S)c1ccccc1,[CH2][C](C)(C(=O)OCCC),0.5,[CH2][C](C)(C(=O)OCC(C)C),0.5,[*]CC([*])(C)(C(=O)OCCC),[*]CC([*])(C)(C(=O)OCC(C)C),,[*]CC([*])(C)C(=O)OCCC,[*]CC([*])(C)C(=O)OCC(C)C
44,63.7,14900.0,20711.0,[C](C)(C)(C#N),[S]C(=S)c1ccccc1,[CH2][C](C)(C(=O)OCCC),0.5,[CH2][C](C)(C(=O)OC(C)(C)C),0.5,[*]CC([*])(C)(C(=O)OCCC),[*]CC([*])(C)(C(=O)OC(C)(C)C),,[*]CC([*])(C)C(=O)OCCC,[*]CC([*])(C)C(=O)OC(C)(C)C
45,47.1,12700.0,19304.0,[C](C)(C)(C#N),[S]C(=S)c1ccccc1,[CH2][C](C)(C(=O)OCCC),0.5,[CH2][C](C)(C(=O)OC1CCCCC1),0.5,[*]CC([*])(C)(C(=O)OCCC),[*]CC([*])(C)(C(=O)OC1CCCCC1),,[*]CC([*])(C)C(=O)OCCC,[*]CC([*])(C)C(=O)OC1CCCCC1
46,45.4,13700.0,19180.0,[C](C)(C)(C#N),[S]C(=S)c1ccccc1,[CH2][C](C)(C(=O)OCCC),0.5,[CH2][C](C)(C(=O)OCc1ccccc1),0.5,[*]CC([*])(C)(C(=O)OCCC),[*]CC([*])(C)(C(=O)OCc1ccccc1),,[*]CC([*])(C)C(=O)OCCC,[*]CC([*])(C)C(=O)OCc1ccccc1
47,74.4,15000.0,22950.0,[C](C)(C)(C#N),[S]C(=S)c1ccccc1,[CH2][C](C)(C(=O)OCCC),0.5,[CH2][C](C)(C(=O)Oc1ccccc1),0.5,[*]CC([*])(C)(C(=O)OCCC),[*]CC([*])(C)(C(=O)Oc1ccccc1),,[*]CC([*])(C)C(=O)OCCC,[*]CC([*])(C)C(=O)Oc1ccccc1
48,96.9,13500.0,20790.0,[C](C)(C)(C#N),[S]C(=S)c1ccccc1,[CH2][C](C)(C(=O)OCCC),0.5,[CH2][C](C)(C(=O)OC1C[C@H]2CC[C@]1(C)C2(C)C),0.5,[*]CC([*])(C)(C(=O)OCCC),[*]CC([*])(C)(C(=O)OC1C[C@H]2CC[C@]1(C)C2(C)C),,[*]CC([*])(C)C(=O)OCCC,[*]CC([*])(C)C(=O)OC1C[C@H]2CC[C@]1(C)C2(C)C
49,28.1,9000.0,14490.0,[C](C)(C)(C#N),[S]C(=S)c1ccccc1,[CH2][C](C)(C(=O)OCCC),0.5,[CH2][CH](C(=O)OC(C)(C)C),0.5,[*]CC([*])(C)(C(=O)OCCC),[*]CC([*])(C(=O)OC(C)(C)C),,[*]CC([*])(C)C(=O)OCCC,[*]CC([*])C(=O)OC(C)(C)C
50,30.6,6300.0,11844.0,[C](C)(C)(C#N),[S]C(=S)c1ccccc1,[CH2][C](C)(C(=O)OCCC),0.5,[CH2][CH](C(=O)OC1CCCCC1),0.5,[*]CC([*])(C)(C(=O)OCCC),[*]CC([*])(C(=O)OC1CCCCC1),,[*]CC([*])(C)C(=O)OCCC,[*]CC([*])C(=O)OC1CCCCC1
51,49.9,7100.0,13916.0,[C](C)(C)(C#N),[S]C(=S)c1ccccc1,[CH2][C](C)(C(=O)OCCC),0.5,[CH2][CH](C(=O)OC1C[C@H]2CC[C@]1(C)C2(C)C),0.5,[*]CC([*])(C)(C(=O)OCCC),[*]CC([*])(C(=O)OC1C[C@H]2CC[C@]1(C)C2(C)C),,[*]CC([*])(C)C(=O)OCCC,[*]CC([*])C(=O)OC1C[C@H]2CC[C@]1(C)C2(C)C
52,60.5,12400.0,17980.0,[C](C)(C)(C#N),[S]C(=S)c1ccccc1,[CH2][C](C)(C(=O)OC(C)C),1.0,,,[*]CC([*])(C)(C(=O)OC(C)C),,,[*]CC([*])(C)C(=O)OC(C)C,
53,56.8,14800.0,22940.0,[C](C)(C)(C#N),[S]C(=S)c1ccccc1,[CH2][C](C)(C(=O)OC(C)C),0.5,[CH2][C](C)(C(=O)OCC(C)C),0.5,[*]CC([*])(C)(C(=O)OC(C)C),[*]CC([*])(C)(C(=O)OCC(C)C),,[*]CC([*])(C)C(=O)OC(C)C,[*]CC([*])(C)C(=O)OCC(C)C
54,77.7,15200.0,22192.0,[C](C)(C)(C#N),[S]C(=S)c1ccccc1,[CH2][C](C)(C(=O)OC(C)C),0.5,[CH2][C](C)(C(=O)OC(C)(C)C),0.5,[*]CC([*])(C)(C(=O)OC(C)C),[*]CC([*])(C)(C(=O)OC(C)(C)C),,[*]CC([*])(C)C(=O)OC(C)C,[*]CC([*])(C)C(=O)OC(C)(C)C
55,64.5,14400.0,19872.0,[C](C)(C)(C#N),[S]C(=S)c1ccccc1,[CH2][C](C)(C(=O)OC(C)C),0.5,[CH2][C](C)(C(=O)OC1CCCCC1),0.5,[*]CC([*])(C)(C(=O)OC(C)C),[*]CC([*])(C)(C(=O)OC1CCCCC1),,[*]CC([*])(C)C(=O)OC(C)C,[*]CC([*])(C)C(=O)OC1CCCCC1
56,50.8,14800.0,20572.0,[C](C)(C)(C#N),[S]C(=S)c1ccccc1,[CH2][C](C)(C(=O)OC(C)C),0.5,[CH2][C](C)(C(=O)OCc1ccccc1),0.5,[*]CC([*])(C)(C(=O)OC(C)C),[*]CC([*])(C)(C(=O)OCc1ccccc1),,[*]CC([*])(C)C(=O)OC(C)C,[*]CC([*])(C)C(=O)OCc1ccccc1
57,81.8,13800.0,21252.0,[C](C)(C)(C#N),[S]C(=S)c1ccccc1,[CH2][C](C)(C(=O)OC(C)C),0.5,[CH2][C](C)(C(=O)Oc1ccccc1),0.5,[*]CC([*])(C)(C(=O)OC(C)C),[*]CC([*])(C)(C(=O)Oc1ccccc1),,[*]CC([*])(C)C(=O)OC(C)C,[*]CC([*])(C)C(=O)Oc1ccccc1
58,105.1,14200.0,20448.0,[C](C)(C)(C#N),[S]C(=S)c1ccccc1,[CH2][C](C)(C(=O)OC(C)C),0.5,[CH2][C](C)(C(=O)OC1C[C@H]2CC[C@]1(C)C2(C)C),0.5,[*]CC([*])(C)(C(=O)OC(C)C),[*]CC([*])(C)(C(=O)OC1C[C@H]2CC[C@]1(C)C2(C)C),,[*]CC([*])(C)C(=O)OC(C)C,[*]CC([*])(C)C(=O)OC1C[C@H]2CC[C@]1(C)C2(C)C
59,53.1,8700.0,12180.0,[C](C)(C)(C#N),[S]C(=S)c1ccccc1,[CH2][C](C)(C(=O)OC(C)C),0.5,[CH2][CH](C(=O)OC(C)(C)C),0.5,[*]CC([*])(C)(C(=O)OC(C)C),[*]CC([*])(C(=O)OC(C)(C)C),,[*]CC([*])(C)C(=O)OC(C)C,[*]CC([*])C(=O)OC(C)(C)C
60,50.0,11500.0,16214.999999999998,[C](C)(C)(C#N),[S]C(=S)c1ccccc1,[CH2][C](C)(C(=O)OC(C)C),0.5,[CH2][CH](C(=O)OC1CCCCC1),0.5,[*]CC([*])(C)(C(=O)OC(C)C),[*]CC([*])(C(=O)OC1CCCCC1),,[*]CC([*])(C)C(=O)OC(C)C,[*]CC([*])C(=O)OC1CCCCC1
61,83.1,11700.0,16731.0,[C](C)(C)(C#N),[S]C(=S)c1ccccc1,[CH2][C](C)(C(=O)OC(C)C),0.5,[CH2][CH](C(=O)OC1C[C@H]2CC[C@]1(C)C2(C)C),0.5,[*]CC([*])(C)(C(=O)OC(C)C),[*]CC([*])(C(=O)OC1C[C@H]2CC[C@]1(C)C2(C)C),,[*]CC([*])(C)C(=O)OC(C)C,[*]CC([*])C(=O)OC1C[C@H]2CC[C@]1(C)C2(C)C
62,10.2,13300.0,19418.0,[C](C)(C)(C#N),[S]C(=S)c1ccccc1,[CH2][C](C)(C(=O)OCCCC),1.0,,,[*]CC([*])(C)(C(=O)OCCCC),,,[*]CC([*])(C)C(=O)OCCCC,
63,38.9,13700.0,19728.0,[C](C)(C)(C#N),[S]C(=S)c1ccccc1,[CH2][C](C)(C(=O)OCCCC),0.5,[CH2][C](C)(C(=O)OCC(C)C),0.5,[*]CC([*])(C)(C(=O)OCCCC),[*]CC([*])(C)(C(=O)OCC(C)C),,[*]CC([*])(C)C(=O)OCCCC,[*]CC([*])(C)C(=O)OCC(C)C
64,77.9,13200.0,19932.0,[C](C)(C)(C#N),[S]C(=S)c1ccccc1,[CH2][C](C)(C(=O)OCCCC),0.5,[CH2][C](C)(C(=O)OC(C)(C)C),0.5,[*]CC([*])(C)(C(=O)OCCCC),[*]CC([*])(C)(C(=O)OC(C)(C)C),,[*]CC([*])(C)C(=O)OCCCC,[*]CC([*])(C)C(=O)OC(C)(C)C
65,38.1,13500.0,30915.0,[C](C)(C)(C#N),[S]C(=S)c1ccccc1,[CH2][C](C)(C(=O)OCCCC),0.5,[CH2][C](C)(C(=O)OC1CCCCC1),0.5,[*]CC([*])(C)(C(=O)OCCCC),[*]CC([*])(C)(C(=O)OC1CCCCC1),,[*]CC([*])(C)C(=O)OCCCC,[*]CC([*])(C)C(=O)OC1CCCCC1
66,32.1,13400.0,21842.0,[C](C)(C)(C#N),[S]C(=S)c1ccccc1,[CH2][C](C)(C(=O)OCCCC),0.5,[CH2][C](C)(C(=O)OCc1ccccc1),0.5,[*]CC([*])(C)(C(=O)OCCCC),[*]CC([*])(C)(C(=O)OCc1ccccc1),,[*]CC([*])(C)C(=O)OCCCC,[*]CC([*])(C)C(=O)OCc1ccccc1
67,66.1,18100.0,25340.0,[C](C)(C)(C#N),[S]C(=S)c1ccccc1,[CH2][C](C)(C(=O)OCCCC),0.5,[CH2][C](C)(C(=O)Oc1ccccc1),0.5,[*]CC([*])(C)(C(=O)OCCCC),[*]CC([*])(C)(C(=O)Oc1ccccc1),,[*]CC([*])(C)C(=O)OCCCC,[*]CC([*])(C)C(=O)Oc1ccccc1
68,91.1,15000.0,21450.0,[C](C)(C)(C#N),[S]C(=S)c1ccccc1,[CH2][C](C)(C(=O)OCCCC),0.5,[CH2][C](C)(C(=O)OC1C[C@H]2CC[C@]1(C)C2(C)C),0.5,[*]CC([*])(C)(C(=O)OCCCC),[*]CC([*])(C)(C(=O)OC1C[C@H]2CC[C@]1(C)C2(C)C),,[*]CC([*])(C)C(=O)OCCCC,[*]CC([*])(C)C(=O)OC1C[C@H]2CC[C@]1(C)C2(C)C
69,12.2,9800.0,13818.0,[C](C)(C)(C#N),[S]C(=S)c1ccccc1,[CH2][C](C)(C(=O)OCCCC),0.5,[CH2][CH](C(=O)OC1CCCCC1),0.5,[*]CC([*])(C)(C(=O)OCCCC),[*]CC([*])(C(=O)OC1CCCCC1),,[*]CC([*])(C)C(=O)OCCCC,[*]CC([*])C(=O)OC1CCCCC1
70,38.4,10800.0,15336.0,[C](C)(C)(C#N),[S]C(=S)c1ccccc1,[CH2][C](C)(C(=O)OCCCC),0.5,[CH2][CH](C(=O)OC1C[C@H]2CC[C@]1(C)C2(C)C),0.5,[*]CC([*])(C)(C(=O)OCCCC),[*]CC([*])(C(=O)OC1C[C@H]2CC[C@]1(C)C2(C)C),,[*]CC([*])(C)C(=O)OCCCC,[*]CC([*])C(=O)OC1C[C@H]2CC[C@]1(C)C2(C)C
71,42.5,13600.0,19312.0,[C](C)(C)(C#N),[S]C(=S)c1ccccc1,[CH2][C](C)(C(=O)OCC(C)C),1.0,,,[*]CC([*])(C)(C(=O)OCC(C)C),,,[*]CC([*])(C)C(=O)OCC(C)C,
72,65.6,12500.0,20875.0,[C](C)(C)(C#N),[S]C(=S)c1ccccc1,[CH2][C](C)(C(=O)OCC(C)C),0.5,[CH2][C](C)(C(=O)OC(C)(C)C),0.5,[*]CC([*])(C)(C(=O)OCC(C)C),[*]CC([*])(C)(C(=O)OC(C)(C)C),,[*]CC([*])(C)C(=O)OCC(C)C,[*]CC([*])(C)C(=O)OC(C)(C)C
73,67.2,14900.0,21158.0,[C](C)(C)(C#N),[S]C(=S)c1ccccc1,[CH2][C](C)(C(=O)OCC(C)C),0.5,[CH2][C](C)(C(=O)OC1CCCCC1),0.5,[*]CC([*])(C)(C(=O)OCC(C)C),[*]CC([*])(C)(C(=O)OC1CCCCC1),,[*]CC([*])(C)C(=O)OCC(C)C,[*]CC([*])(C)C(=O)OC1CCCCC1
74,45.9,8900.0,12193.000000000002,[C](C)(C)(C#N),[S]C(=S)c1ccccc1,[CH2][C](C)(C(=O)OCC(C)C),0.5,[CH2][C](C)(C(=O)OCc1ccccc1),0.5,[*]CC([*])(C)(C(=O)OCC(C)C),[*]CC([*])(C)(C(=O)OCc1ccccc1),,[*]CC([*])(C)C(=O)OCC(C)C,[*]CC([*])(C)C(=O)OCc1ccccc1
75,80.0,16900.0,24674.0,[C](C)(C)(C#N),[S]C(=S)c1ccccc1,[CH2][C](C)(C(=O)OCC(C)C),0.5,[CH2][C](C)(C(=O)Oc1ccccc1),0.5,[*]CC([*])(C)(C(=O)OCC(C)C),[*]CC([*])(C)(C(=O)Oc1ccccc1),,[*]CC([*])(C)C(=O)OCC(C)C,[*]CC([*])(C)C(=O)Oc1ccccc1
76,111.5,16000.0,21440.0,[C](C)(C)(C#N),[S]C(=S)c1ccccc1,[CH2][C](C)(C(=O)OCC(C)C),0.5,[CH2][C](C)(C(=O)OC1C[C@H]2CC[C@]1(C)C2(C)C),0.5,[*]CC([*])(C)(C(=O)OCC(C)C),[*]CC([*])(C)(C(=O)OC1C[C@H]2CC[C@]1(C)C2(C)C),,[*]CC([*])(C)C(=O)OCC(C)C,[*]CC([*])(C)C(=O)OC1C[C@H]2CC[C@]1(C)C2(C)C
77,40.6,9600.0,13056.000000000002,[C](C)(C)(C#N),[S]C(=S)c1ccccc1,[CH2][C](C)(C(=O)OCC(C)C),0.5,[CH2][CH](C(=O)OC(C)(C)C),0.5,[*]CC([*])(C)(C(=O)OCC(C)C),[*]CC([*])(C(=O)OC(C)(C)C),,[*]CC([*])(C)C(=O)OCC(C)C,[*]CC([*])C(=O)OC(C)(C)C
78,67.6,12200.0,16714.0,[C](C)(C)(C#N),[S]C(=S)c1ccccc1,[CH2][C](C)(C(=O)OCC(C)C),0.5,[CH2][CH](C(=O)OC1C[C@H]2CC[C@]1(C)C2(C)C),0.5,[*]CC([*])(C)(C(=O)OCC(C)C),[*]CC([*])(C(=O)OC1C[C@H]2CC[C@]1(C)C2(C)C),,[*]CC([*])(C)C(=O)OCC(C)C,[*]CC([*])C(=O)OC1C[C@H]2CC[C@]1(C)C2(C)C
79,-17.5,10200.0,17952.0,[C](C)(C)(C#N),[S]C(=S)c1ccccc1,[CH2][C](C)(C(=O)OCC(C)C),0.5,[CH2][CH](C(=O)OCCCCCCCCCCCCCCCC),0.5,[*]CC([*])(C)(C(=O)OCC(C)C),[*]CC([*])(C(=O)OCCCCCCCCCCCCCCCC),,[*]CC([*])(C)C(=O)OCC(C)C,[*]CC([*])C(=O)OCCCCCCCCCCCCCCCC
80,88.8,13900.0,20433.0,[C](C)(C)(C#N),[S]C(=S)c1ccccc1,[CH2][C](C)(C(=O)OC(C)(C)C),0.5,[CH2][C](C)(C(=O)OC1CCCCC1),0.5,[*]CC([*])(C)(C(=O)OC(C)(C)C),[*]CC([*])(C)(C(=O)OC1CCCCC1),,[*]CC([*])(C)C(=O)OC(C)(C)C,[*]CC([*])(C)C(=O)OC1CCCCC1
81,49.4,4400.0,5148.0,[C](C)(C)(C#N),[S]C(=S)c1ccccc1,[CH2][C](C)(C(=O)OC(C)(C)C),0.5,[CH2][C](C)(C(=O)OCc1ccccc1),0.5,[*]CC([*])(C)(C(=O)OC(C)(C)C),[*]CC([*])(C)(C(=O)OCc1ccccc1),,[*]CC([*])(C)C(=O)OC(C)(C)C,[*]CC([*])(C)C(=O)OCc1ccccc1
82,93.3,16500.0,24585.0,[C](C)(C)(C#N),[S]C(=S)c1ccccc1,[CH2][C](C)(C(=O)OC(C)(C)C),0.5,[CH2][C](C)(C(=O)Oc1ccccc1),0.5,[*]CC([*])(C)(C(=O)OC(C)(C)C),[*]CC([*])(C)(C(=O)Oc1ccccc1),,[*]CC([*])(C)C(=O)OC(C)(C)C,[*]CC([*])(C)C(=O)Oc1ccccc1
83,163.5,11400.0,19266.0,[C](C)(C)(C#N),[S]C(=S)c1ccccc1,[CH2][C](C)(C(=O)OC(C)(C)C),0.5,[CH2][C](C)(C(=O)OC1C[C@H]2CC[C@]1(C)C2(C)C),0.5,[*]CC([*])(C)(C(=O)OC(C)(C)C),[*]CC([*])(C)(C(=O)OC1C[C@H]2CC[C@]1(C)C2(C)C),,[*]CC([*])(C)C(=O)OC(C)(C)C,[*]CC([*])(C)C(=O)OC1C[C@H]2CC[C@]1(C)C2(C)C
84,83.5,11100.0,14985.000000000002,[C](C)(C)(C#N),[S]C(=S)c1ccccc1,[CH2][C](C)(C(=O)OC(C)(C)C),0.5,[CH2][CH](C(=O)OC(C)(C)C),0.5,[*]CC([*])(C)(C(=O)OC(C)(C)C),[*]CC([*])(C(=O)OC(C)(C)C),,[*]CC([*])(C)C(=O)OC(C)(C)C,[*]CC([*])C(=O)OC(C)(C)C
85,70.3,10200.0,16116.0,[C](C)(C)(C#N),[S]C(=S)c1ccccc1,[CH2][C](C)(C(=O)OC(C)(C)C),0.5,[CH2][CH](C(=O)OC1CCCCC1),0.5,[*]CC([*])(C)(C(=O)OC(C)(C)C),[*]CC([*])(C(=O)OC1CCCCC1),,[*]CC([*])(C)C(=O)OC(C)(C)C,[*]CC([*])C(=O)OC1CCCCC1
86,113.2,8000.0,14480.0,[C](C)(C)(C#N),[S]C(=S)c1ccccc1,[CH2][C](C)(C(=O)OC(C)(C)C),0.5,[CH2][CH](C(=O)OC1C[C@H]2CC[C@]1(C)C2(C)C),0.5,[*]CC([*])(C)(C(=O)OC(C)(C)C),[*]CC([*])(C(=O)OC1C[C@H]2CC[C@]1(C)C2(C)C),,[*]CC([*])(C)C(=O)OC(C)(C)C,[*]CC([*])C(=O)OC1C[C@H]2CC[C@]1(C)C2(C)C
87,104.5,19900.0,25074.0,[C](C)(C)(C#N),[S]C(=S)c1ccccc1,[CH2][C](C)(C(=O)OC1CCCCC1),1.0,,,[*]CC([*])(C)(C(=O)OC1CCCCC1),,,[*]CC([*])(C)C(=O)OC1CCCCC1,
88,61.0,16000.0,21760.0,[C](C)(C)(C#N),[S]C(=S)c1ccccc1,[CH2][C](C)(C(=O)OC1CCCCC1),0.5,[CH2][C](C)(C(=O)OCc1ccccc1),0.5,[*]CC([*])(C)(C(=O)OC1CCCCC1),[*]CC([*])(C)(C(=O)OCc1ccccc1),,[*]CC([*])(C)C(=O)OC1CCCCC1,[*]CC([*])(C)C(=O)OCc1ccccc1
89,91.3,16700.0,25050.0,[C](C)(C)(C#N),[S]C(=S)c1ccccc1,[CH2][C](C)(C(=O)OC1CCCCC1),0.5,[CH2][C](C)(C(=O)Oc1ccccc1),0.5,[*]CC([*])(C)(C(=O)OC1CCCCC1),[*]CC([*])(C)(C(=O)Oc1ccccc1),,[*]CC([*])(C)C(=O)OC1CCCCC1,[*]CC([*])(C)C(=O)Oc1ccccc1
90,125.8,17100.0,24282.0,[C](C)(C)(C#N),[S]C(=S)c1ccccc1,[CH2][C](C)(C(=O)OC1CCCCC1),0.5,[CH2][C](C)(C(=O)OC1C[C@H]2CC[C@]1(C)C2(C)C),0.5,[*]CC([*])(C)(C(=O)OC1CCCCC1),[*]CC([*])(C)(C(=O)OC1C[C@H]2CC[C@]1(C)C2(C)C),,[*]CC([*])(C)C(=O)OC1CCCCC1,[*]CC([*])(C)C(=O)OC1C[C@H]2CC[C@]1(C)C2(C)C
91,73.7,9900.0,16632.0,[C](C)(C)(C#N),[S]C(=S)c1ccccc1,[CH2][C](C)(C(=O)OC1CCCCC1),0.5,[CH2][CH](C(=O)OC(C)(C)C),0.5,[*]CC([*])(C)(C(=O)OC1CCCCC1),[*]CC([*])(C(=O)OC(C)(C)C),,[*]CC([*])(C)C(=O)OC1CCCCC1,[*]CC([*])C(=O)OC(C)(C)C
92,48.0,8600.0,14964.0,[C](C)(C)(C#N),[S]C(=S)c1ccccc1,[CH2][C](C)(C(=O)OC1CCCCC1),0.5,[CH2][CH](C(=O)OC1CCCCC1),0.5,[*]CC([*])(C)(C(=O)OC1CCCCC1),[*]CC([*])(C(=O)OC1CCCCC1),,[*]CC([*])(C)C(=O)OC1CCCCC1,[*]CC([*])C(=O)OC1CCCCC1
93,83.6,15800.0,22120.0,[C](C)(C)(C#N),[S]C(=S)c1ccccc1,[CH2][C](C)(C(=O)OC1CCCCC1),0.5,[CH2][CH](C(=O)OC1C[C@H]2CC[C@]1(C)C2(C)C),0.5,[*]CC([*])(C)(C(=O)OC1CCCCC1),[*]CC([*])(C(=O)OC1C[C@H]2CC[C@]1(C)C2(C)C),,[*]CC([*])(C)C(=O)OC1CCCCC1,[*]CC([*])C(=O)OC1C[C@H]2CC[C@]1(C)C2(C)C
94,63.0,15200.0,21888.0,[C](C)(C)(C#N),[S]C(=S)c1ccccc1,[CH2][C](C)(C(=O)OCc1ccccc1),1.0,,,[*]CC([*])(C)(C(=O)OCc1ccccc1),,,[*]CC([*])(C)C(=O)OCc1ccccc1,
95,79.9,19600.0,31360.0,[C](C)(C)(C#N),[S]C(=S)c1ccccc1,[CH2][C](C)(C(=O)OCc1ccccc1),0.5,[CH2][C](C)(C(=O)Oc1ccccc1),0.5,[*]CC([*])(C)(C(=O)OCc1ccccc1),[*]CC([*])(C)(C(=O)Oc1ccccc1),,[*]CC([*])(C)C(=O)OCc1ccccc1,[*]CC([*])(C)C(=O)Oc1ccccc1
96,96.8,14200.0,22010.0,[C](C)(C)(C#N),[S]C(=S)c1ccccc1,[CH2][C](C)(C(=O)OCc1ccccc1),0.5,[CH2][C](C)(C(=O)OC1C[C@H]2CC[C@]1(C)C2(C)C),0.5,[*]CC([*])(C)(C(=O)OCc1ccccc1),[*]CC([*])(C)(C(=O)OC1C[C@H]2CC[C@]1(C)C2(C)C),,[*]CC([*])(C)C(=O)OCc1ccccc1,[*]CC([*])(C)C(=O)OC1C[C@H]2CC[C@]1(C)C2(C)C
97,47.9,7700.0,11858.0,[C](C)(C)(C#N),[S]C(=S)c1ccccc1,[CH2][C](C)(C(=O)OCc1ccccc1),0.5,[CH2][CH](C(=O)OC(C)(C)C),0.5,[*]CC([*])(C)(C(=O)OCc1ccccc1),[*]CC([*])(C(=O)OC(C)(C)C),,[*]CC([*])(C)C(=O)OCc1ccccc1,[*]CC([*])C(=O)OC(C)(C)C
98,44.8,11400.0,15618.000000000002,[C](C)(C)(C#N),[S]C(=S)c1ccccc1,[CH2][C](C)(C(=O)OCc1ccccc1),0.5,[CH2][CH](C(=O)OC1CCCCC1),0.5,[*]CC([*])(C)(C(=O)OCc1ccccc1),[*]CC([*])(C(=O)OC1CCCCC1),,[*]CC([*])(C)C(=O)OCc1ccccc1,[*]CC([*])C(=O)OC1CCCCC1
99,57.1,11900.0,18445.0,[C](C)(C)(C#N),[S]C(=S)c1ccccc1,[CH2][C](C)(C(=O)OCc1ccccc1),0.5,[CH2][CH](C(=O)OC1C[C@H]2CC[C@]1(C)C2(C)C),0.5,[*]CC([*])(C)(C(=O)OCc1ccccc1),[*]CC([*])(C(=O)OC1C[C@H]2CC[C@]1(C)C2(C)C),,[*]CC([*])(C)C(=O)OCc1ccccc1,[*]CC([*])C(=O)OC1C[C@H]2CC[C@]1(C)C2(C)C
100,0.2,14000.0,22260.0,[C](C)(C)(C#N),[S]C(=S)c1ccccc1,[CH2][C](C)(C(=O)OCc1ccccc1),0.5,[CH2][CH](C(=O)OCCCCCCCCCCCCCCCC),0.5,[*]CC([*])(C)(C(=O)OCc1ccccc1),[*]CC([*])(C(=O)OCCCCCCCCCCCCCCCC),,[*]CC([*])(C)C(=O)OCc1ccccc1,[*]CC([*])C(=O)OCCCCCCCCCCCCCCCC
101,118.6,17100.0,24282.0,[C](C)(C)(C#N),[S]C(=S)c1ccccc1,[CH2][C](C)(C(=O)Oc1ccccc1),1.0,,,[*]CC([*])(C)(C(=O)Oc1ccccc1),,,[*]CC([*])(C)C(=O)Oc1ccccc1,
102,122.2,14300.0,23023.0,[C](C)(C)(C#N),[S]C(=S)c1ccccc1,[CH2][C](C)(C(=O)Oc1ccccc1),0.5,[CH2][C](C)(C(=O)OC1C[C@H]2CC[C@]1(C)C2(C)C),0.5,[*]CC([*])(C)(C(=O)Oc1ccccc1),[*]CC([*])(C)(C(=O)OC1C[C@H]2CC[C@]1(C)C2(C)C),,[*]CC([*])(C)C(=O)Oc1ccccc1,[*]CC([*])(C)C(=O)OC1C[C@H]2CC[C@]1(C)C2(C)C
103,96.2,9800.0,14406.0,[C](C)(C)(C#N),[S]C(=S)c1ccccc1,[CH2][C](C)(C(=O)Oc1ccccc1),0.5,[CH2][CH](C(=O)OC(C)(C)C),0.5,[*]CC([*])(C)(C(=O)Oc1ccccc1),[*]CC([*])(C(=O)OC(C)(C)C),,[*]CC([*])(C)C(=O)Oc1ccccc1,[*]CC([*])C(=O)OC(C)(C)C
104,84.2,9600.0,18816.0,[C](C)(C)(C#N),[S]C(=S)c1ccccc1,[CH2][C](C)(C(=O)Oc1ccccc1),0.5,[CH2][CH](C(=O)OC1CCCCC1),0.5,[*]CC([*])(C)(C(=O)Oc1ccccc1),[*]CC([*])(C(=O)OC1CCCCC1),,[*]CC([*])(C)C(=O)Oc1ccccc1,[*]CC([*])C(=O)OC1CCCCC1
105,100.9,11400.0,18810.0,[C](C)(C)(C#N),[S]C(=S)c1ccccc1,[CH2][C](C)(C(=O)Oc1ccccc1),0.5,[CH2][CH](C(=O)OC1C[C@H]2CC[C@]1(C)C2(C)C),0.5,[*]CC([*])(C)(C(=O)Oc1ccccc1),[*]CC([*])(C(=O)OC1C[C@H]2CC[C@]1(C)C2(C)C),,[*]CC([*])(C)C(=O)Oc1ccccc1,[*]CC([*])C(=O)OC1C[C@H]2CC[C@]1(C)C2(C)C
106,16.4,14400.0,21600.0,[C](C)(C)(C#N),[S]C(=S)c1ccccc1,[CH2][C](C)(C(=O)Oc1ccccc1),0.5,[CH2][CH](C(=O)OCCCCCCCCCCCCCCCC),0.5,[*]CC([*])(C)(C(=O)Oc1ccccc1),[*]CC([*])(C(=O)OCCCCCCCCCCCCCCCC),,[*]CC([*])(C)C(=O)Oc1ccccc1,[*]CC([*])C(=O)OCCCCCCCCCCCCCCCC
107,133.1,9400.0,16262.0,[C](C)(C)(C#N),[S]C(=S)c1ccccc1,[CH2][C](C)(C(=O)OC1C[C@H]2CC[C@]1(C)C2(C)C),0.5,[CH2][CH](C(=O)OC(C)(C)C),0.5,[*]CC([*])(C)(C(=O)OC1C[C@H]2CC[C@]1(C)C2(C)C),[*]CC([*])(C(=O)OC(C)(C)C),,[*]CC([*])(C)C(=O)OC1C[C@H]2CC[C@]1(C)C2(C)C,[*]CC([*])C(=O)OC(C)(C)C
108,107.9,12700.0,18542.0,[C](C)(C)(C#N),[S]C(=S)c1ccccc1,[CH2][C](C)(C(=O)OC1C[C@H]2CC[C@]1(C)C2(C)C),0.5,[CH2][CH](C(=O)OC1CCCCC1),0.5,[*]CC([*])(C)(C(=O)OC1C[C@H]2CC[C@]1(C)C2(C)C),[*]CC([*])(C(=O)OC1CCCCC1),,[*]CC([*])(C)C(=O)OC1C[C@H]2CC[C@]1(C)C2(C)C,[*]CC([*])C(=O)OC1CCCCC1
109,145.9,14400.0,21600.0,[C](C)(C)(C#N),[S]C(=S)c1ccccc1,[CH2][C](C)(C(=O)OC1C[C@H]2CC[C@]1(C)C2(C)C),0.5,[CH2][CH](C(=O)OC1C[C@H]2CC[C@]1(C)C2(C)C),0.5,[*]CC([*])(C)(C(=O)OC1C[C@H]2CC[C@]1(C)C2(C)C),[*]CC([*])(C(=O)OC1C[C@H]2CC[C@]1(C)C2(C)C),,[*]CC([*])(C)C(=O)OC1C[C@H]2CC[C@]1(C)C2(C)C,[*]CC([*])C(=O)OC1C[C@H]2CC[C@]1(C)C2(C)C
110,42.9,12700.0,18542.0,[C](C)(C)(C#N),[S]C(=S)c1ccccc1,[CH2][CH](C(=O)OC(C)(C)C),1.0,,,[*]CC([*])(C(=O)OC(C)(C)C),,,[*]CC([*])C(=O)OC(C)(C)C,
111,32.1,7000.0,10850.0,[C](C)(C)(C#N),[S]C(=S)c1ccccc1,[CH2][CH](C(=O)OC(C)(C)C),0.5,[CH2][CH](C(=O)OC1CCCCC1),0.5,[*]CC([*])(C(=O)OC(C)(C)C),[*]CC([*])(C(=O)OC1CCCCC1),,[*]CC([*])C(=O)OC(C)(C)C,[*]CC([*])C(=O)OC1CCCCC1
112,66.8,9600.0,17376.0,[C](C)(C)(C#N),[S]C(=S)c1ccccc1,[CH2][CH](C(=O)OC(C)(C)C),0.5,[CH2][CH](C(=O)OC1C[C@H]2CC[C@]1(C)C2(C)C),0.5,[*]CC([*])(C(=O)OC(C)(C)C),[*]CC([*])(C(=O)OC1C[C@H]2CC[C@]1(C)C2(C)C),,[*]CC([*])C(=O)OC(C)(C)C,[*]CC([*])C(=O)OC1C[C@H]2CC[C@]1(C)C2(C)C
113,10.7,12600.0,19026.0,[C](C)(C)(C#N),[S]C(=S)c1ccccc1,[CH2][CH](C(=O)OC1CCCCC1),1.0,,,[*]CC([*])(C(=O)OC1CCCCC1),,,[*]CC([*])C(=O)OC1CCCCC1,
114,50.4,9600.0,17184.0,[C](C)(C)(C#N),[S]C(=S)c1ccccc1,[CH2][CH](C(=O)OC1CCCCC1),0.5,[CH2][CH](C(=O)OC1C[C@H]2CC[C@]1(C)C2(C)C),0.5,[*]CC([*])(C(=O)OC1CCCCC1),[*]CC([*])(C(=O)OC1C[C@H]2CC[C@]1(C)C2(C)C),,[*]CC([*])C(=O)OC1CCCCC1,[*]CC([*])C(=O)OC1C[C@H]2CC[C@]1(C)C2(C)C
115,105.5,17500.0,33775.0,[C](C)(C)(C#N),[S]C(=S)c1ccccc1,[CH2][CH](C(=O)OC1C[C@H]2CC[C@]1(C)C2(C)C),1.0,,,[*]CC([*])(C(=O)OC1C[C@H]2CC[C@]1(C)C2(C)C),,,[*]CC([*])C(=O)OC1C[C@H]2CC[C@]1(C)C2(C)C,
116,65.4,13700.0,15700.0,[C](C)(C)(C#N),[S]C(=S)c1ccccc1,[CH2][C](C)(C(=O)OC),1.0,,,[*]CC([*])(C)(C(=O)OC),,,[*]CC([*])(C)C(=O)OC,
117,79.0,29700.0,34400.0,[C](C)(C)(C#N),[S]C(=S)c1ccccc1,[CH2][C](C)(C(=O)OC),1.0,,,[*]CC([*])(C)(C(=O)OC),,,[*]CC([*])(C)C(=O)OC,
118,87.4,5400.0,6900.0,[C](C)(C)(C#N),[S]C(=S)SCc1ccccc1,[CH2][CH](c1ccccc1),1.0,,,[*]CC([*])(c1ccccc1),,,[*]CC([*])c1ccccc1,
119,68.4,3500.0,3900.0,[C](C)(C)(C#N),[S]C(=S)SCc1ccccc1,[CH2][CH](c1ccccc1),1.0,,,[*]CC([*])(c1ccccc1),,,[*]CC([*])c1ccccc1,
120,87.5,7000.0,9300.0,[C](C)(C)(C#N),[S]C(=S)SCc1ccccc1,[CH2][CH](c1ccccc1),1.0,,,[*]CC([*])(c1ccccc1),,,[*]CC([*])c1ccccc1,
121,82.2,3800.0,4800.0,[C](C)(C)(C#N),[S]C(=S)SCc1ccccc1,[CH2][CH](c1ccccc1),1.0,,,[*]CC([*])(c1ccccc1),,,[*]CC([*])c1ccccc1,
122,89.4,16300.0,21800.0,[C](C)(C)(C#N),[S]C(=S)SCc1ccccc1,[CH2][CH](c1ccccc1),1.0,,,[*]CC([*])(c1ccccc1),,,[*]CC([*])c1ccccc1,
123,86.0,6900.0,8200.0,[C](C)(C)(C#N),[S]C(=S)SCc1ccccc1,[CH2][CH](c1ccccc1),1.0,,,[*]CC([*])(c1ccccc1),,,[*]CC([*])c1ccccc1,
124,71.2,16500.0,18900.0,[C](C)(C)(C#N),[S]C(=S)c1ccccc1,[CH2][C](C)(C(=O)OC),1.0,,,[*]CC([*])(C)(C(=O)OC),,,[*]CC([*])(C)C(=O)OC,
125,104.7,18100.0,21200.0,[C](C)(C)(C#N),[S]C(=S)c1ccccc1,[CH2][C](C)(C(=O)OC),1.0,,,[*]CC([*])(C)(C(=O)OC),,,[*]CC([*])(C)C(=O)OC,
126,74.4,51200.0,88500.0,[C](C)(C)(C#N),[S]C(=S)c1ccccc1,[CH2][C](C)(C(=O)OC),1.0,,,[*]CC([*])(C)(C(=O)OC),,,[*]CC([*])(C)C(=O)OC,
127,90.3,30900.0,42100.0,[C](C)(C)(C#N),[S]C(=S)SCc1ccccc1,[CH2][CH](c1ccccc1),1.0,,,[*]CC([*])(c1ccccc1),,,[*]CC([*])c1ccccc1,
128,104.9,28400.0,37200.0,[C](C)(C)(C#N),[S]C(=S)c1ccccc1,[CH2][C](C)(C(=O)OC),1.0,,,[*]CC([*])(C)(C(=O)OC),,,[*]CC([*])(C)C(=O)OC,
129,13.6,3750.0,5587.5,C=CS(=O)(=O)CC[O],[H],[CH2]CS(=O)(=O)CC[O],1.0,,,[*]CCS(=O)(=O)CCO[*],,,[*]CCOCCS([*])(=O)=O,
130,14.5,2750.0,3850.0,C=CS(=O)(=O)CC[O],[H],[CH2]CS(=O)(=O)CC[O],1.0,,,[*]CCS(=O)(=O)CCO[*],,,[*]CCOCCS([*])(=O)=O,
131,10.3,2750.0,3877.5,C=CS(=O)(=O)CC[O],[H],[CH2]CS(=O)(=O)CC[O],1.0,,,[*]CCS(=O)(=O)CCO[*],,,[*]CCOCCS([*])(=O)=O,
132,21.7,3120.0,4368.0,C=CS(=O)(=O)CC[O],[H],[CH2]CS(=O)(=O)CC[O],1.0,,,[*]CCS(=O)(=O)CCO[*],,,[*]CCOCCS([*])(=O)=O,
133,18.6,3200.0,4992.0,C=CS(=O)(=O)CC[O],[H],[CH2]CS(=O)(=O)CC[O],1.0,,,[*]CCS(=O)(=O)CCO[*],,,[*]CCOCCS([*])(=O)=O,
134,17.1,2230.0,3478.8,C=CS(=O)(=O)CC[O],[H],[CH2]CS(=O)(=O)CC[O],1.0,,,[*]CCS(=O)(=O)CCO[*],,,[*]CCOCCS([*])(=O)=O,
135,12.6,2730.0,4477.2,C=CS(=O)(=O)CC[O],[H],[CH2]CS(=O)(=O)CC[O],1.0,,,[*]CCS(=O)(=O)CCO[*],,,[*]CCOCCS([*])(=O)=O,
136,93.0,65400.0,111180.0,[C](C)(C)(C#N),[C](C)(C)(C#N),[CH2][CH](SCCO),0.19,[CH2][CH1](c1ccccc1),0.81,[*]CC([*])(SCCO),[*]CC([*])(c1ccccc1),,[*]CC([*])SCCO,[*]CC([*])c1ccccc1
137,69.0,304800.0,487680.0,[C](C)(C)(C#N),[C](C)(C)(C#N),[CH2][CH](SCCO),0.4,[CH2][C](C)(C(=O)OC),0.6,[*]CC([*])(SCCO),[*]CC([*])(C)(C(=O)OC),,[*]CC([*])SCCO,[*]CC([*])(C)C(=O)OC
138,-17.0,408700.0,980880.0,[C](C)(C)(C#N),[C](C)(C)(C#N),[CH2][CH](SCCO),0.45,[CH2][CH1](C(=O)OCCCC),0.55,[*]CC([*])(SCCO),[*]CC([*])(C(=O)OCCCC),,[*]CC([*])SCCO,[*]CC([*])C(=O)OCCCC
139,65.0,62000.0,111600.0,[C](C)(C)(C#N),[C](C)(C)(C#N),[CH2][CH](SCCO),0.4,[CH2]CS(=O)(=O)CC[O],0.6,[*]CC([*])(SCCO),[*]CCS(=O)(=O)CCO[*],,[*]CC([*])SCCO,[*]CCOCCS([*])(=O)=O
140,21.4,146100.0,336030.0,[C](C)(C)(C#N),[C](C)(C)(C#N),[CH2][CH](SCCO),1.0,,,[*]CC([*])(SCCO),,,[*]CC([*])SCCO,
141,96.0,272700.0,545400.0,[C](C)(C)(C#N),[C](C)(C)(C#N),[CH2][CH](SCCO),0.19,[CH2][C](C)(C(=O)OC),0.81,[*]CC([*])(SCCO),[*]CC([*])(C)(C(=O)OC),,[*]CC([*])SCCO,[*]CC([*])(C)C(=O)OC
142,-23.0,10100.0,11110.0,[C](C)(C)(C#N),[S]C(=S)c1ccccc1,[CH2][CH](SCCO),0.47,[CH2][CH1](C(=O)OCCCC),0.53,[*]CC([*])(SCCO),[*]CC([*])(C(=O)OCCCC),,[*]CC([*])SCCO,[*]CC([*])C(=O)OCCCC
143,-25.0,19300.0,21230.0,[C](C)(C)(C#N),[S]C(=S)c1ccccc1,[CH2][CH](SCCO),0.44,[CH2][CH1](C(=O)OCCCC),0.56,[*]CC([*])(SCCO),[*]CC([*])(C(=O)OCCCC),,[*]CC([*])SCCO,[*]CC([*])C(=O)OCCCC
144,-19.0,38100.0,41910.0,[C](C)(C)(C#N),[S]C(=S)c1ccccc1,[CH2][CH](SCCO),0.47,[CH2][CH1](C(=O)OCCCC),0.53,[*]CC([*])(SCCO),[*]CC([*])(C(=O)OCCCC),,[*]CC([*])SCCO,[*]CC([*])C(=O)OCCCC
145,57.0,14600.0,16060.000000000002,[C](C)(C)(C#N),[S]C(=S)c1ccccc1,[CH2][CH](SCCO),0.57,[CH2][C](C)(C(=O)OC),0.43,[*]CC([*])(SCCO),[*]CC([*])(C)(C(=O)OC),,[*]CC([*])SCCO,[*]CC([*])(C)C(=O)OC
146,56.0,17000.0,18700.0,[C](C)(C)(C#N),[S]C(=S)c1ccccc1,[CH2][CH](SCCO),0.44,[CH2][C](C)(C(=O)OC),0.56,[*]CC([*])(SCCO),[*]CC([*])(C)(C(=O)OC),,[*]CC([*])SCCO,[*]CC([*])(C)C(=O)OC
147,55.0,26800.0,32160.0,[C](C)(C)(C#N),[S]C(=S)c1ccccc1,[CH2][CH](SCCO),0.44,[CH2][C](C)(C(=O)OC),0.56,[*]CC([*])(SCCO),[*]CC([*])(C)(C(=O)OC),,[*]CC([*])SCCO,[*]CC([*])(C)C(=O)OC
148,12.0,14600.0,16060.000000000002,[C](C)(C)(C#N),[S]C(=S)c1ccccc1,[CH2][CH](SCCO),1.0,,,[*]CC([*])(SCCO),,,[*]CC([*])SCCO,
149,-53.0,13100.0,14410.000000000002,[C](C)(C)(C#N),[S]C(=S)c1ccccc1,[CH2][CH](C(=O)OCCCC),1.0,,,[*]CC([*])(C(=O)OCCCC),,,[*]CC([*])C(=O)OCCCC,
150,95.0,11800.0,12980.000000000002,[C](C)(C)(C#N),[S]C(=S)c1ccccc1,[CH2][C](C)(C(=O)OC),1.0,,,[*]CC([*])(C)(C(=O)OC),,,[*]CC([*])(C)C(=O)OC,
151,102.1,29700.0,34452.0,[C](C)(C)(C#N),[S]C(=S)c1ccccc1,[CH2][C](C)(C(=O)OC),1.0,,,[*]CC([*])(C)(C(=O)OC),,,[*]CC([*])(C)C(=O)OC,
152,119.3,101400.0,190632.0,[C](C)(C)(C#N),[S]C(=S)c1ccccc1,[CH2][C](C)(C(=O)OC),1.0,,,[*]CC([*])(C)(C(=O)OC),,,[*]CC([*])(C)C(=O)OC,
153,85.5,6900.0,8211.0,[C](C)(C)(C#N),[S]C(=S)SCc1ccccc1,[CH2][CH](c1ccccc1),1.0,,,[*]CC([*])(c1ccccc1),,,[*]CC([*])c1ccccc1,
154,98.4,42300.0,63873.0,[C](C)(C)(C#N),[S]C(=S)SCc1ccccc1,[CH2][CH](c1ccccc1),1.0,,,[*]CC([*])(c1ccccc1),,,[*]CC([*])c1ccccc1,
155,95.6,16500.0,18975.0,[C](C)(C)(C#N),[S]C(=S)c1ccccc1,[CH2][C](C)(C(=O)OC),1.0,,,[*]CC([*])(C)(C(=O)OC),,,[*]CC([*])(C)C(=O)OC,
156,64.1,3500.0,3780.000000000001,[C](C)(C)(C#N),[S]C(=S)SCc1ccccc1,[CH2][CH](c1ccccc1),1.0,,,[*]CC([*])(c1ccccc1),,,[*]CC([*])c1ccccc1,
157,47.6,10200.0,12036.0,[C](C)(C)(C#N),[S]C(=S)c1ccccc1,[CH2][C](C)(C(=O)OCc1ccccc1),1.0,,,[*]CC([*])(C)(C(=O)OCc1ccccc1),,,[*]CC([*])(C)C(=O)OCc1ccccc1,
158,54.0,19000.0,22800.0,[C](C)(C)(C#N),[S]C(=S)c1ccccc1,[CH2][C](C)(C(=O)OCc1ccccc1),1.0,,,[*]CC([*])(C)(C(=O)OCc1ccccc1),,,[*]CC([*])(C)C(=O)OCc1ccccc1,
159,57.4,30000.0,37500.0,[C](C)(C)(C#N),[S]C(=S)c1ccccc1,[CH2][C](C)(C(=O)OCc1ccccc1),1.0,,,[*]CC([*])(C)(C(=O)OCc1ccccc1),,,[*]CC([*])(C)C(=O)OCc1ccccc1,
160,49.5,12500.0,22500.0,[C](C)(C)(C#N),[S]C(=S)c1ccccc1,[CH2][C](C)(C(=O)OCc1ccccc1),1.0,,,[*]CC([*])(C)(C(=O)OCc1ccccc1),,,[*]CC([*])(C)C(=O)OCc1ccccc1,
161,53.5,23600.0,32568.0,[C](C)(C)(C#N),[S]C(=S)c1ccccc1,[CH2][C](C)(C(=O)OCc1ccccc1),1.0,,,[*]CC([*])(C)(C(=O)OCc1ccccc1),,,[*]CC([*])(C)C(=O)OCc1ccccc1,
162,16.0,8400.0,10080.0,[C](C)(C)(C#N),[S]C(=S)c1ccccc1,[CH2][C](C)(C(=O)OCCCC),1.0,,,[*]CC([*])(C)(C(=O)OCCCC),,,[*]CC([*])(C)C(=O)OCCCC,
163,26.9,15700.0,17898.0,[C](C)(C)(C#N),[S]C(=S)c1ccccc1,[CH2][C](C)(C(=O)OCCCC),1.0,,,[*]CC([*])(C)(C(=O)OCCCC),,,[*]CC([*])(C)C(=O)OCCCC,
164,68.1,25500.0,32130.0,[C](C)(C)(C#N),[S]C(=S)c1ccccc1,[CH2][C](C)(C(=O)OCCCC),1.0,,,[*]CC([*])(C)(C(=O)OCCCC),,,[*]CC([*])(C)C(=O)OCCCC,
165,33.6,41100.0,52197.0,[C](C)(C)(C#N),[S]C(=S)c1ccccc1,[CH2][C](C)(C(=O)OCCCC),1.0,,,[*]CC([*])(C)(C(=O)OCCCC),,,[*]CC([*])(C)C(=O)OCCCC,
166,120.4,13600.0,16728.0,[C](C)(C)(C#N),[S]C(=S)c1ccccc1,[CH2][C](C)(C(=O)OC(C)(C)C),1.0,,,[*]CC([*])(C)(C(=O)OC(C)(C)C),,,[*]CC([*])(C)C(=O)OC(C)(C)C,
167,52.7,10800.0,12419.999999999998,[C](C)(C)(C#N),[S]C(=S)c1ccccc1,[CH2][C](C)(C(=O)OCC(C)C),1.0,,,[*]CC([*])(C)(C(=O)OCC(C)C),,,[*]CC([*])(C)C(=O)OCC(C)C,
168,59.9,13900.0,15290.000000000002,[C](C)(C)(C#N),[S]C(=S)c1ccccc1,[CH2][C](C)(C(=O)OCC(C)C),1.0,,,[*]CC([*])(C)(C(=O)OCC(C)C),,,[*]CC([*])(C)C(=O)OCC(C)C,
169,59.0,25000.0,28750.0,[C](C)(C)(C#N),[S]C(=S)c1ccccc1,[CH2][C](C)(C(=O)OCC(C)C),1.0,,,[*]CC([*])(C)(C(=O)OCC(C)C),,,[*]CC([*])(C)C(=O)OCC(C)C,
170,52.7,43500.0,51765.0,[C](C)(C)(C#N),[S]C(=S)c1ccccc1,[CH2][C](C)(C(=O)OCC(C)C),1.0,,,[*]CC([*])(C)(C(=O)OCC(C)C),,,[*]CC([*])(C)C(=O)OCC(C)C,
171,62.2,11700.0,12987.000000000002,[C](C)(C)(C#N),[S]C(=S)c1ccccc1,[CH2][C](C)(C(=O)OC1CCCCC1),1.0,,,[*]CC([*])(C)(C(=O)OC1CCCCC1),,,[*]CC([*])(C)C(=O)OC1CCCCC1,
172,23.9,20600.0,22454.0,[C](C)(C)(C#N),[S]C(=S)c1ccccc1,[CH2][C](C)(C(=O)OC1CCCCC1),1.0,,,[*]CC([*])(C)(C(=O)OC1CCCCC1),,,[*]CC([*])(C)C(=O)OC1CCCCC1,
173,59.7,14200.0,21300.0,[C](C)(C)(C#N),[S]C(=S)c1ccccc1,[CH2][C](C)(C(=O)OC1CCCCC1),1.0,,,[*]CC([*])(C)(C(=O)OC1CCCCC1),,,[*]CC([*])(C)C(=O)OC1CCCCC1,
174,70.8,34700.0,39210.99999999999,[C](C)(C)(C#N),[S]C(=S)c1ccccc1,[CH2][C](C)(C(=O)OC1CCCCC1),1.0,,,[*]CC([*])(C)(C(=O)OC1CCCCC1),,,[*]CC([*])(C)C(=O)OC1CCCCC1,
175,66.5,10000.0,11399.999999999998,[C](C)(C)(C#N),[S]C(=S)c1ccccc1,[CH2][C](C)(C(=O)OCC),1.0,,,[*]CC([*])(C)(C(=O)OCC),,,[*]CC([*])(C)C(=O)OCC,
176,61.2,15200.0,17936.0,[C](C)(C)(C#N),[S]C(=S)c1ccccc1,[CH2][C](C)(C(=O)OCC),1.0,,,[*]CC([*])(C)(C(=O)OCC),,,[*]CC([*])(C)C(=O)OCC,
177,64.9,22400.0,26656.0,[C](C)(C)(C#N),[S]C(=S)c1ccccc1,[CH2][C](C)(C(=O)OCC),1.0,,,[*]CC([*])(C)(C(=O)OCC),,,[*]CC([*])(C)C(=O)OCC,
178,64.8,23500.0,34545.0,[C](C)(C)(C#N),[S]C(=S)c1ccccc1,[CH2][C](C)(C(=O)OCC),1.0,,,[*]CC([*])(C)(C(=O)OCC),,,[*]CC([*])(C)C(=O)OCC,
179,43.2,9700.0,11155.0,[C](C)(C)(C#N),[S]C(=S)c1ccccc1,[CH2][C](C)(C(=O)OCCC),1.0,,,[*]CC([*])(C)(C(=O)OCCC),,,[*]CC([*])(C)C(=O)OCCC,
180,66.4,16400.0,18040.0,[C](C)(C)(C#N),[S]C(=S)c1ccccc1,[CH2][C](C)(C(=O)OCCC),1.0,,,[*]CC([*])(C)(C(=O)OCCC),,,[*]CC([*])(C)C(=O)OCCC,
181,57.2,28600.0,32890.0,[C](C)(C)(C#N),[S]C(=S)c1ccccc1,[CH2][C](C)(C(=O)OCCC),1.0,,,[*]CC([*])(C)(C(=O)OCCC),,,[*]CC([*])(C)C(=O)OCCC,
182,36.1,16800.0,26208.0,[C](C)(C)(C#N),[S]C(=S)c1ccccc1,[CH2][C](C)(C(=O)OCCC),1.0,,,[*]CC([*])(C)(C(=O)OCCC),,,[*]CC([*])(C)C(=O)OCCC,
183,98.6,28500.0,41040.0,[C](C)(C)(C#N),[S]C(=S)c1ccccc1,[CH2][C](C)(C(=O)OCCO),1.0,,,[*]CC([*])(C)(C(=O)OCCO),,,[*]CC([*])(C)C(=O)OCCO,
184,91.4,40800.0,51408.0,[C](C)(C)(C#N),[S]C(=S)c1ccccc1,[CH2][C](C)(C(=O)OCCO),1.0,,,[*]CC([*])(C)(C(=O)OCCO),,,[*]CC([*])(C)C(=O)OCCO,
185,75.3,30600.0,44064.0,[C](C)(C)(C#N),[S]C(=S)c1ccccc1,[CH2][C](C)(C(=O)OCCO),1.0,,,[*]CC([*])(C)(C(=O)OCCO),,,[*]CC([*])(C)C(=O)OCCO,
186,111.8,83300.0,115787.0,[C](C)(C)(C#N),[S]C(=S)c1ccccc1,[CH2][C](C)(C(=O)OCCO),1.0,,,[*]CC([*])(C)(C(=O)OCCO),,,[*]CC([*])(C)C(=O)OCCO,
187,104.5,26800.0,30820.0,[C](C)(C)(C#N),[S]C(=S)c1ccccc1,[CH2][C](C)(C(=O)OC1CC2CCC1(C)C2(C)C),1.0,,,[*]CC([*])(C)(C(=O)OC1CC2CCC1(C)C2(C)C),,,[*]CC([*])(C)C(=O)OC1CC2CCC1(C)C2(C)C,
188,184.2,7400.0,8658.0,[C](C)(C)(C#N),[S]C(=S)c1ccccc1,[CH2][C](C)(C(=O)OC1CC2CCC1(C)C2(C)C),1.0,,,[*]CC([*])(C)(C(=O)OC1CC2CCC1(C)C2(C)C),,,[*]CC([*])(C)C(=O)OC1CC2CCC1(C)C2(C)C,
189,96.2,10800.0,14256.0,[C](C)(C)(C#N),[S]C(=S)c1ccccc1,[CH2][C](C)(C(=O)Oc1ccccc1),1.0,,,[*]CC([*])(C)(C(=O)Oc1ccccc1),,,[*]CC([*])(C)C(=O)Oc1ccccc1,
190,100.3,18600.0,24552.0,[C](C)(C)(C#N),[S]C(=S)c1ccccc1,[CH2][C](C)(C(=O)Oc1ccccc1),1.0,,,[*]CC([*])(C)(C(=O)Oc1ccccc1),,,[*]CC([*])(C)C(=O)Oc1ccccc1,
191,102.6,27800.0,38086.0,[C](C)(C)(C#N),[S]C(=S)c1ccccc1,[CH2][C](C)(C(=O)Oc1ccccc1),1.0,,,[*]CC([*])(C)(C(=O)Oc1ccccc1),,,[*]CC([*])(C)C(=O)Oc1ccccc1,
192,106.9,19200.0,29376.0,[C](C)(C)(C#N),[S]C(=S)c1ccccc1,[CH2][C](C)(C(=O)Oc1ccccc1),1.0,,,[*]CC([*])(C)(C(=O)Oc1ccccc1),,,[*]CC([*])(C)C(=O)Oc1ccccc1,
193,123.9,7200.0,8064.000000000001,[C](C)(C)(C#N),[S]C(=S)SCc1ccccc1,[CH2][CH](c1ccc(Br)cc1),1.0,,,[*]CC([*])(c1ccc(Br)cc1),,,[*]CC([*])c1ccc(Br)cc1,
194,131.6,12000.0,13679.999999999998,[C](C)(C)(C#N),[S]C(=S)SCc1ccccc1,[CH2][CH](c1ccc(Br)cc1),1.0,,,[*]CC([*])(c1ccc(Br)cc1),,,[*]CC([*])c1ccc(Br)cc1,
195,125.2,19000.0,20710.0,[C](C)(C)(C#N),[S]C(=S)SCc1ccccc1,[CH2][CH](c1ccc(Br)cc1),1.0,,,[*]CC([*])(c1ccc(Br)cc1),,,[*]CC([*])c1ccc(Br)cc1,
196,139.1,23300.0,26329.0,[C](C)(C)(C#N),[S]C(=S)SCc1ccccc1,[CH2][CH](c1ccc(Br)cc1),1.0,,,[*]CC([*])(c1ccc(Br)cc1),,,[*]CC([*])c1ccc(Br)cc1,
197,91.4,8700.0,9918.0,[C](C)(C)(C#N),[S]C(=S)SCc1ccccc1,[CH2][CH](c1ccccc1),1.0,,,[*]CC([*])(c1ccccc1),,,[*]CC([*])c1ccccc1,
198,82.0,4300.0,4601.0,[C](C)(C)(C#N),[S]C(=S)SCc1ccccc1,[CH2][CH](c1ccc(C)cc1),1.0,,,[*]CC([*])(c1ccc(C)cc1),,,[*]CC([*])c1ccc(C)cc1,
199,94.2,4300.0,4601.0,[C](C)(C)(C#N),[S]C(=S)SCc1ccccc1,[CH2][CH](c1ccc(C)cc1),1.0,,,[*]CC([*])(c1ccc(C)cc1),,,[*]CC([*])c1ccc(C)cc1,
200,99.7,6900.0,7107.0,[C](C)(C)(C#N),[S]C(=S)SCc1ccccc1,[CH2][CH](c1ccc(C)cc1),1.0,,,[*]CC([*])(c1ccc(C)cc1),,,[*]CC([*])c1ccc(C)cc1,
201,92.4,5100.0,6936.000000000001,[C](C)(C)(C#N),[S]C(=S)SCc1ccccc1,[CH2][CH](c1ccc(C)cc1),1.0,,,[*]CC([*])(c1ccc(C)cc1),,,[*]CC([*])c1ccc(C)cc1,
202,115.2,3100.0,3720.0,[C](C)(C)(C#N),[S]C(=S)SCc1ccccc1,[CH2][CH](c1ccc(C(C)(C)(C))cc1),1.0,,,[*]CC([*])(c1ccc(C(C)(C)(C))cc1),,,[*]CC([*])c1ccc(C(C)(C)C)cc1,
203,112.1,2700.0,3861.0,[C](C)(C)(C#N),[S]C(=S)SCc1ccccc1,[CH2][CH](c1ccc(C(C)(C)(C))cc1),1.0,,,[*]CC([*])(c1ccc(C(C)(C)(C))cc1),,,[*]CC([*])c1ccc(C(C)(C)C)cc1,
204,118.9,3600.0,5724.0,[C](C)(C)(C#N),[S]C(=S)SCc1ccccc1,[CH2][CH](c1ccc(C(C)(C)(C))cc1),1.0,,,[*]CC([*])(c1ccc(C(C)(C)(C))cc1),,,[*]CC([*])c1ccc(C(C)(C)C)cc1,
205,106.1,2200.0,3850.0,[C](C)(C)(C#N),[S]C(=S)SCc1ccccc1,[CH2][CH](c1ccc(C(C)(C)(C))cc1),1.0,,,[*]CC([*])(c1ccc(C(C)(C)(C))cc1),,,[*]CC([*])c1ccc(C(C)(C)C)cc1,
206,103.9,2700.0,3861.0,[C](C)(C)(C#N),[S]C(=S)SCc1ccccc1,[CH2][CH](c1ccc([Cl])cc1),1.0,,,[*]CC([*])(c1ccc([Cl])cc1),,,[*]CC([*])c1ccc(Cl)cc1,
207,117.2,7100.0,8022.999999999999,[C](C)(C)(C#N),[S]C(=S)SCc1ccccc1,[CH2][CH](c1ccc([Cl])cc1),1.0,,,[*]CC([*])(c1ccc([Cl])cc1),,,[*]CC([*])c1ccc(Cl)cc1,
208,113.4,5700.0,6554.999999999999,[C](C)(C)(C#N),[S]C(=S)SCc1ccccc1,[CH2][CH](c1ccc([Cl])cc1),1.0,,,[*]CC([*])(c1ccc([Cl])cc1),,,[*]CC([*])c1ccc(Cl)cc1,
209,121.5,15900.0,17808.0,[C](C)(C)(C#N),[S]C(=S)SCc1ccccc1,[CH2][CH](c1ccc([Cl])cc1),1.0,,,[*]CC([*])(c1ccc([Cl])cc1),,,[*]CC([*])c1ccc(Cl)cc1,
210,60.0,6600.0,9108.0,[C](C)(C)(C#N),[S]C(=S)c1ccccc1,[CH2][CH](C(=O)OC1CC2CCC1(C)C2(C)C),1.0,,,[*]CC([*])(C(=O)OC1CC2CCC1(C)C2(C)C),,,[*]CC([*])C(=O)OC1CC2CCC1(C)C2(C)C,
211,58.3,9500.0,16720.0,[C](C)(C)(C#N),[S]C(=S)c1ccccc1,[CH2][CH](C(=O)OC1CC2CCC1(C)C2(C)C),1.0,,,[*]CC([*])(C(=O)OC1CC2CCC1(C)C2(C)C),,,[*]CC([*])C(=O)OC1CC2CCC1(C)C2(C)C,
212,73.5,12300.0,25830.0,[C](C)(C)(C#N),[S]C(=S)c1ccccc1,[CH2][CH](C(=O)OC1CC2CCC1(C)C2(C)C),1.0,,,[*]CC([*])(C(=O)OC1CC2CCC1(C)C2(C)C),,,[*]CC([*])C(=O)OC1CC2CCC1(C)C2(C)C,
213,98.2,10400.0,23192.0,[C](C)(C)(C#N),[S]C(=S)c1ccccc1,[CH2][CH](C(=O)OC1CC2CCC1(C)C2(C)C),1.0,,,[*]CC([*])(C(=O)OC1CC2CCC1(C)C2(C)C),,,[*]CC([*])C(=O)OC1CC2CCC1(C)C2(C)C,
214,24.2,5800.0,7540.0,[C](C)(C)(C#N),[S]C(=S)c1ccccc1,[CH2][CH](C(=O)OC1CCCCC1),1.0,,,[*]CC([*])(C(=O)OC1CCCCC1),,,[*]CC([*])C(=O)OC1CCCCC1,
215,27.6,15500.0,19530.0,[C](C)(C)(C#N),[S]C(=S)c1ccccc1,[CH2][CH](C(=O)OC1CCCCC1),1.0,,,[*]CC([*])(C(=O)OC1CCCCC1),,,[*]CC([*])C(=O)OC1CCCCC1,
216,26.8,22500.0,35325.0,[C](C)(C)(C#N),[S]C(=S)c1ccccc1,[CH2][CH](C(=O)OC1CCCCC1),1.0,,,[*]CC([*])(C(=O)OC1CCCCC1),,,[*]CC([*])C(=O)OC1CCCCC1,
217,26.2,22400.0,36064.0,[C](C)(C)(C#N),[S]C(=S)c1ccccc1,[CH2][CH](C(=O)OC1CCCCC1),1.0,,,[*]CC([*])(C(=O)OC1CCCCC1),,,[*]CC([*])C(=O)OC1CCCCC1,
218,122.1,7200.0,8352.0,[C](C)(C)(C#N),[S]C(=S)c1ccccc1,[CH2][CH](C(=O)OC(C)(C)C),1.0,,,[*]CC([*])(C(=O)OC(C)(C)C),,,[*]CC([*])C(=O)OC(C)(C)C,
219,124.5,12000.0,15000.0,[C](C)(C)(C#N),[S]C(=S)c1ccccc1,[CH2][CH](C(=O)OC(C)(C)C),1.0,,,[*]CC([*])(C(=O)OC(C)(C)C),,,[*]CC([*])C(=O)OC(C)(C)C,
220,65.0,23100.0,28644.0,[C](C)(C)(C#N),[S]C(=S)c1ccccc1,[CH2][CH](C(=O)OC(C)(C)C),1.0,,,[*]CC([*])(C(=O)OC(C)(C)C),,,[*]CC([*])C(=O)OC(C)(C)C,
221,60.7,14900.0,26224.0,[C](C)(C)(C#N),[S]C(=S)c1ccccc1,[CH2][CH](C(=O)OC(C)(C)C),1.0,,,[*]CC([*])(C(=O)OC(C)(C)C),,,[*]CC([*])C(=O)OC(C)(C)C,
222,108.6,13900.0,17653.0,[C](C)(C)(C#N),[S]C(=S)c1ccccc1,[CH2][C](C)(C(=O)OC),1.0,,,[*]CC([*])(C)(C(=O)OC),,,[*]CC([*])(C)C(=O)OC,
223,108.7,11700.0,13923.0,[C](C)(C)(C#N),[S]C(=S)c1ccccc1,[CH2][C](C)(C(=O)OC),1.0,,,[*]CC([*])(C)(C(=O)OC),,,[*]CC([*])(C)C(=O)OC,
224,110.2,14500.0,17255.0,[C](C)(C)(C#N),[S]C(=S)c1ccccc1,[CH2][C](C)(C(=O)OC),1.0,,,[*]CC([*])(C)(C(=O)OC),,,[*]CC([*])(C)C(=O)OC,
225,102.4,32700.0,46434.0,[C](C)(C)(C#N),[S]C(=S)SCc1ccccc1,[CH2][CH](c1ccccc1),1.0,,,[*]CC([*])(c1ccccc1),,,[*]CC([*])c1ccccc1,
226,100.2,22100.0,30719.0,[C](C)(C)(C#N),[S]C(=S)SCc1ccccc1,[CH2][CH](c1ccccc1),1.0,,,[*]CC([*])(c1ccccc1),,,[*]CC([*])c1ccccc1,
227,100.9,29600.0,40848.0,[C](C)(C)(C#N),[S]C(=S)SCc1ccccc1,[CH2][CH](c1ccccc1),1.0,,,[*]CC([*])(c1ccccc1),,,[*]CC([*])c1ccccc1,
228,99.6,20000.0,26400.0,[C](C)(C)(C#N),[S]C(=S)SCc1ccccc1,[CH2][CH](c1ccccc1),1.0,,,[*]CC([*])(c1ccccc1),,,[*]CC([*])c1ccccc1,
229,90.5,8300.0,10956.0,[C](C)(C)(C#N),[S]C(=S)SCc1ccccc1,[CH2][CH](c1ccccc1),1.0,,,[*]CC([*])(c1ccccc1),,,[*]CC([*])c1ccccc1,
230,98.8,21500.0,25000.0,[C](C)(C)(C#N),[S]C(=S)SCc1ccccc1,[CH2][C](C)(C(=O)OC),0.18,[CH2][CH](c1ccccc1),0.82,[*]CC([*])(C)(C(=O)OC),[*]CC([*])(c1ccccc1),,[*]CC([*])(C)C(=O)OC,[*]CC([*])c1ccccc1
231,100.5,21500.0,25000.0,[C](C)(C)(C#N),[S]C(=S)SCc1ccccc1,[CH2][C](C)(C(=O)OC),0.18,[CH2][CH](c1ccccc1),0.82,[*]CC([*])(C)(C(=O)OC),[*]CC([*])(c1ccccc1),,[*]CC([*])(C)C(=O)OC,[*]CC([*])c1ccccc1
232,98.4,25500.0,29600.0,[C](C)(C)(C#N),[S]C(=S)SCc1ccccc1,[CH2][C](C)(C(=O)OC),0.34,[CH2][CH](c1ccccc1),0.66,[*]CC([*])(C)(C(=O)OC),[*]CC([*])(c1ccccc1),,[*]CC([*])(C)C(=O)OC,[*]CC([*])c1ccccc1
233,100.2,25500.0,29600.0,[C](C)(C)(C#N),[S]C(=S)SCc1ccccc1,[CH2][C](C)(C(=O)OC),0.34,[CH2][CH](c1ccccc1),0.66,[*]CC([*])(C)(C(=O)OC),[*]CC([*])(c1ccccc1),,[*]CC([*])(C)C(=O)OC,[*]CC([*])c1ccccc1
234,101.0,31500.0,37200.0,[C](C)(C)(C#N),[S]C(=S)SCc1ccccc1,[CH2][C](C)(C(=O)OC),0.51,[CH2][CH](c1ccccc1),0.49,[*]CC([*])(C)(C(=O)OC),[*]CC([*])(c1ccccc1),,[*]CC([*])(C)C(=O)OC,[*]CC([*])c1ccccc1
235,103.5,31500.0,37200.0,[C](C)(C)(C#N),[S]C(=S)SCc1ccccc1,[CH2][C](C)(C(=O)OC),0.51,[CH2][CH](c1ccccc1),0.49,[*]CC([*])(C)(C(=O)OC),[*]CC([*])(c1ccccc1),,[*]CC([*])(C)C(=O)OC,[*]CC([*])c1ccccc1
236,111.2,48100.0,56700.0,[C](C)(C)(C#N),[S]C(=S)SCc1ccccc1,[CH2][C](C)(C(=O)OC),0.7,[CH2][CH](c1ccccc1),0.3,[*]CC([*])(C)(C(=O)OC),[*]CC([*])(c1ccccc1),,[*]CC([*])(C)C(=O)OC,[*]CC([*])c1ccccc1
237,114.5,48100.0,56700.0,[C](C)(C)(C#N),[S]C(=S)SCc1ccccc1,[CH2][C](C)(C(=O)OC),0.7,[CH2][CH](c1ccccc1),0.3,[*]CC([*])(C)(C(=O)OC),[*]CC([*])(c1ccccc1),,[*]CC([*])(C)C(=O)OC,[*]CC([*])c1ccccc1
238,81.9,48700.0,58300.0,[C](C)(C)(C#N),[S]C(=S)SCc1ccccc1,[CH2][C](C)(C(=O)OC),0.85,[CH2][CH](c1ccccc1),0.15,[*]CC([*])(C)(C(=O)OC),[*]CC([*])(c1ccccc1),,[*]CC([*])(C)C(=O)OC,[*]CC([*])c1ccccc1
239,93.2,28400.0,34100.0,[C](C)(C)(C#N),[S]C(=S)SCc1ccccc1,[CH2][C](C)(C(=O)OC),0.18,[CH2][CH](c1ccccc1),0.82,[*]CC([*])(C)(C(=O)OC),[*]CC([*])(c1ccccc1),,[*]CC([*])(C)C(=O)OC,[*]CC([*])c1ccccc1
240,93.5,28400.0,34100.0,[C](C)(C)(C#N),[S]C(=S)SCc1ccccc1,[CH2][C](C)(C(=O)OC),0.18,[CH2][CH](c1ccccc1),0.82,[*]CC([*])(C)(C(=O)OC),[*]CC([*])(c1ccccc1),,[*]CC([*])(C)C(=O)OC,[*]CC([*])c1ccccc1
241,99.3,34800.0,41700.0,[C](C)(C)(C#N),[S]C(=S)SCc1ccccc1,[CH2][C](C)(C(=O)OC),0.34,[CH2][CH](c1ccccc1),0.66,[*]CC([*])(C)(C(=O)OC),[*]CC([*])(c1ccccc1),,[*]CC([*])(C)C(=O)OC,[*]CC([*])c1ccccc1
242,97.3,34800.0,41700.0,[C](C)(C)(C#N),[S]C(=S)SCc1ccccc1,[CH2][C](C)(C(=O)OC),0.34,[CH2][CH](c1ccccc1),0.66,[*]CC([*])(C)(C(=O)OC),[*]CC([*])(c1ccccc1),,[*]CC([*])(C)C(=O)OC,[*]CC([*])c1ccccc1
243,99.4,39200.0,48300.0,[C](C)(C)(C#N),[S]C(=S)SCc1ccccc1,[CH2][C](C)(C(=O)OC),0.53,[CH2][CH](c1ccccc1),0.47,[*]CC([*])(C)(C(=O)OC),[*]CC([*])(c1ccccc1),,[*]CC([*])(C)C(=O)OC,[*]CC([*])c1ccccc1
244,93.9,39200.0,48300.0,[C](C)(C)(C#N),[S]C(=S)SCc1ccccc1,[CH2][C](C)(C(=O)OC),0.53,[CH2][CH](c1ccccc1),0.47,[*]CC([*])(C)(C(=O)OC),[*]CC([*])(c1ccccc1),,[*]CC([*])(C)C(=O)OC,[*]CC([*])c1ccccc1
245,106.8,63800.0,73000.0,[C](C)(C)(C#N),[S]C(=S)SCc1ccccc1,[CH2][C](C)(C(=O)OC),0.7,[CH2][CH](c1ccccc1),0.3,[*]CC([*])(C)(C(=O)OC),[*]CC([*])(c1ccccc1),,[*]CC([*])(C)C(=O)OC,[*]CC([*])c1ccccc1
246,101.9,63800.0,73000.0,[C](C)(C)(C#N),[S]C(=S)SCc1ccccc1,[CH2][C](C)(C(=O)OC),0.7,[CH2][CH](c1ccccc1),0.3,[*]CC([*])(C)(C(=O)OC),[*]CC([*])(c1ccccc1),,[*]CC([*])(C)C(=O)OC,[*]CC([*])c1ccccc1
247,85.3,45000.0,58500.0,[C](C)(C)(C#N),[S]C(=S)SCc1ccccc1,[CH2][C](C)(C(=O)OC),0.85,[CH2][CH](c1ccccc1),0.15,[*]CC([*])(C)(C(=O)OC),[*]CC([*])(c1ccccc1),,[*]CC([*])(C)C(=O)OC,[*]CC([*])c1ccccc1
248,81.3,45000.0,58500.0,[C](C)(C)(C#N),[S]C(=S)SCc1ccccc1,[CH2][C](C)(C(=O)OC),0.85,[CH2][CH](c1ccccc1),0.15,[*]CC([*])(C)(C(=O)OC),[*]CC([*])(c1ccccc1),,[*]CC([*])(C)C(=O)OC,[*]CC([*])c1ccccc1
249,102.0,31500.0,39000.0,[C](C)(C)(C#N),[S]C(=S)SCc1ccccc1,[CH2][C](C)(C(=O)OC),0.19,[CH2][CH](c1ccccc1),0.81,[*]CC([*])(C)(C(=O)OC),[*]CC([*])(c1ccccc1),,[*]CC([*])(C)C(=O)OC,[*]CC([*])c1ccccc1
250,104.6,31500.0,39000.0,[C](C)(C)(C#N),[S]C(=S)SCc1ccccc1,[CH2][C](C)(C(=O)OC),0.19,[CH2][CH](c1ccccc1),0.81,[*]CC([*])(C)(C(=O)OC),[*]CC([*])(c1ccccc1),,[*]CC([*])(C)C(=O)OC,[*]CC([*])c1ccccc1
251,102.2,38500.0,48000.0,[C](C)(C)(C#N),[S]C(=S)SCc1ccccc1,[CH2][C](C)(C(=O)OC),0.33,[CH2][CH](c1ccccc1),0.67,[*]CC([*])(C)(C(=O)OC),[*]CC([*])(c1ccccc1),,[*]CC([*])(C)C(=O)OC,[*]CC([*])c1ccccc1
252,103.2,38500.0,48000.0,[C](C)(C)(C#N),[S]C(=S)SCc1ccccc1,[CH2][C](C)(C(=O)OC),0.33,[CH2][CH](c1ccccc1),0.67,[*]CC([*])(C)(C(=O)OC),[*]CC([*])(c1ccccc1),,[*]CC([*])(C)C(=O)OC,[*]CC([*])c1ccccc1
253,105.1,44000.0,55500.0,[C](C)(C)(C#N),[S]C(=S)SCc1ccccc1,[CH2][C](C)(C(=O)OC),0.53,[CH2][CH](c1ccccc1),0.47,[*]CC([*])(C)(C(=O)OC),[*]CC([*])(c1ccccc1),,[*]CC([*])(C)C(=O)OC,[*]CC([*])c1ccccc1
254,101.8,44000.0,55500.0,[C](C)(C)(C#N),[S]C(=S)SCc1ccccc1,[CH2][C](C)(C(=O)OC),0.53,[CH2][CH](c1ccccc1),0.47,[*]CC([*])(C)(C(=O)OC),[*]CC([*])(c1ccccc1),,[*]CC([*])(C)C(=O)OC,[*]CC([*])c1ccccc1
255,112.0,55000.0,68800.0,[C](C)(C)(C#N),[S]C(=S)SCc1ccccc1,[CH2][C](C)(C(=O)OC),0.69,[CH2][CH](c1ccccc1),0.31,[*]CC([*])(C)(C(=O)OC),[*]CC([*])(c1ccccc1),,[*]CC([*])(C)C(=O)OC,[*]CC([*])c1ccccc1
256,113.5,55000.0,68800.0,[C](C)(C)(C#N),[S]C(=S)SCc1ccccc1,[CH2][C](C)(C(=O)OC),0.69,[CH2][CH](c1ccccc1),0.31,[*]CC([*])(C)(C(=O)OC),[*]CC([*])(c1ccccc1),,[*]CC([*])(C)C(=O)OC,[*]CC([*])c1ccccc1
257,100.7,51500.0,65900.0,[C](C)(C)(C#N),[S]C(=S)SCc1ccccc1,[CH2][C](C)(C(=O)OC),0.84,[CH2][CH](c1ccccc1),0.16,[*]CC([*])(C)(C(=O)OC),[*]CC([*])(c1ccccc1),,[*]CC([*])(C)C(=O)OC,[*]CC([*])c1ccccc1
258,95.8,51500.0,65900.0,[C](C)(C)(C#N),[S]C(=S)SCc1ccccc1,[CH2][C](C)(C(=O)OC),0.84,[CH2][CH](c1ccccc1),0.16,[*]CC([*])(C)(C(=O)OC),[*]CC([*])(c1ccccc1),,[*]CC([*])(C)C(=O)OC,[*]CC([*])c1ccccc1
259,94.2,26700.0,32100.0,[C](C)(C)(C#N),[S]C(=S)SCc1ccccc1,[CH2][C](C)(C(=O)OC),0.12,[CH2][CH](c1ccccc1),0.88,[*]CC([*])(C)(C(=O)OC),[*]CC([*])(c1ccccc1),,[*]CC([*])(C)C(=O)OC,[*]CC([*])c1ccccc1
260,94.2,26700.0,32100.0,[C](C)(C)(C#N),[S]C(=S)SCc1ccccc1,[CH2][C](C)(C(=O)OC),0.12,[CH2][CH](c1ccccc1),0.88,[*]CC([*])(C)(C(=O)OC),[*]CC([*])(c1ccccc1),,[*]CC([*])(C)C(=O)OC,[*]CC([*])c1ccccc1
261,105.4,38600.0,48100.0,[C](C)(C)(C#N),[S]C(=S)SCc1ccccc1,[CH2][C](C)(C(=O)OC),0.49,[CH2][CH](c1ccccc1),0.51,[*]CC([*])(C)(C(=O)OC),[*]CC([*])(c1ccccc1),,[*]CC([*])(C)C(=O)OC,[*]CC([*])c1ccccc1
262,105.3,38600.0,48100.0,[C](C)(C)(C#N),[S]C(=S)SCc1ccccc1,[CH2][C](C)(C(=O)OC),0.49,[CH2][CH](c1ccccc1),0.51,[*]CC([*])(C)(C(=O)OC),[*]CC([*])(c1ccccc1),,[*]CC([*])(C)C(=O)OC,[*]CC([*])c1ccccc1
263,115.1,67000.0,78400.0,[C](C)(C)(C#N),[S]C(=S)SCc1ccccc1,[CH2][C](C)(C(=O)OC),0.77,[CH2][CH](c1ccccc1),0.23,[*]CC([*])(C)(C(=O)OC),[*]CC([*])(c1ccccc1),,[*]CC([*])(C)C(=O)OC,[*]CC([*])c1ccccc1
264,115.0,67000.0,78400.0,[C](C)(C)(C#N),[S]C(=S)SCc1ccccc1,[CH2][C](C)(C(=O)OC),0.77,[CH2][CH](c1ccccc1),0.23,[*]CC([*])(C)(C(=O)OC),[*]CC([*])(c1ccccc1),,[*]CC([*])(C)C(=O)OC,[*]CC([*])c1ccccc1
265,102.8,32900.0,43100.0,[C](C)(C)(C#N),[S]C(=S)SCc1ccccc1,[CH2][C](C)(C(=O)OC),0.13,[CH2][CH](c1ccccc1),0.87,[*]CC([*])(C)(C(=O)OC),[*]CC([*])(c1ccccc1),,[*]CC([*])(C)C(=O)OC,[*]CC([*])c1ccccc1
266,104.5,32900.0,43100.0,[C](C)(C)(C#N),[S]C(=S)SCc1ccccc1,[CH2][C](C)(C(=O)OC),0.13,[CH2][CH](c1ccccc1),0.87,[*]CC([*])(C)(C(=O)OC),[*]CC([*])(c1ccccc1),,[*]CC([*])(C)C(=O)OC,[*]CC([*])c1ccccc1
267,92.0,39900.0,51000.0,[C](C)(C)(C#N),[S]C(=S)SCc1ccccc1,[CH2][C](C)(C(=O)OC),0.26,[CH2][CH](c1ccccc1),0.74,[*]CC([*])(C)(C(=O)OC),[*]CC([*])(c1ccccc1),,[*]CC([*])(C)C(=O)OC,[*]CC([*])c1ccccc1
268,92.7,39900.0,51000.0,[C](C)(C)(C#N),[S]C(=S)SCc1ccccc1,[CH2][C](C)(C(=O)OC),0.26,[CH2][CH](c1ccccc1),0.74,[*]CC([*])(C)(C(=O)OC),[*]CC([*])(c1ccccc1),,[*]CC([*])(C)C(=O)OC,[*]CC([*])c1ccccc1
269,104.7,52900.0,67900.0,[C](C)(C)(C#N),[S]C(=S)SCc1ccccc1,[CH2][C](C)(C(=O)OC),0.5,[CH2][CH](c1ccccc1),0.5,[*]CC([*])(C)(C(=O)OC),[*]CC([*])(c1ccccc1),,[*]CC([*])(C)C(=O)OC,[*]CC([*])c1ccccc1
270,104.8,52900.0,67900.0,[C](C)(C)(C#N),[S]C(=S)SCc1ccccc1,[CH2][C](C)(C(=O)OC),0.5,[CH2][CH](c1ccccc1),0.5,[*]CC([*])(C)(C(=O)OC),[*]CC([*])(c1ccccc1),,[*]CC([*])(C)C(=O)OC,[*]CC([*])c1ccccc1
271,116.6,72700.0,86200.0,[C](C)(C)(C#N),[S]C(=S)SCc1ccccc1,[CH2][C](C)(C(=O)OC),0.76,[CH2][CH](c1ccccc1),0.24,[*]CC([*])(C)(C(=O)OC),[*]CC([*])(c1ccccc1),,[*]CC([*])(C)C(=O)OC,[*]CC([*])c1ccccc1
272,118.5,72700.0,86200.0,[C](C)(C)(C#N),[S]C(=S)SCc1ccccc1,[CH2][C](C)(C(=O)OC),0.76,[CH2][CH](c1ccccc1),0.24,[*]CC([*])(C)(C(=O)OC),[*]CC([*])(c1ccccc1),,[*]CC([*])(C)C(=O)OC,[*]CC([*])c1ccccc1
273,99.0,75700.0,90800.0,[C](C)(C)(C#N),[S]C(=S)SCc1ccccc1,[CH2][C](C)(C(=O)OC),0.89,[CH2][CH](c1ccccc1),0.11,[*]CC([*])(C)(C(=O)OC),[*]CC([*])(c1ccccc1),,[*]CC([*])(C)C(=O)OC,[*]CC([*])c1ccccc1
274,110.0,75700.0,90800.0,[C](C)(C)(C#N),[S]C(=S)SCc1ccccc1,[CH2][C](C)(C(=O)OC),0.89,[CH2][CH](c1ccccc1),0.11,[*]CC([*])(C)(C(=O)OC),[*]CC([*])(c1ccccc1),,[*]CC([*])(C)C(=O)OC,[*]CC([*])c1ccccc1
275,97.4,75700.0,90800.0,[C](C)(C)(C#N),[S]C(=S)SCc1ccccc1,[CH2][C](C)(C(=O)OC),0.09,[CH2][CH](c1ccccc1),0.91,[*]CC([*])(C)(C(=O)OC),[*]CC([*])(c1ccccc1),,[*]CC([*])(C)C(=O)OC,[*]CC([*])c1ccccc1
276,98.5,75700.0,90800.0,[C](C)(C)(C#N),[S]C(=S)SCc1ccccc1,[CH2][C](C)(C(=O)OC),0.09,[CH2][CH](c1ccccc1),0.91,[*]CC([*])(C)(C(=O)OC),[*]CC([*])(c1ccccc1),,[*]CC([*])(C)C(=O)OC,[*]CC([*])c1ccccc1
277,101.0,29300.0,33600.0,[C](C)(C)(C#N),[S]C(=S)SCc1ccccc1,[CH2][C](C)(C(=O)OC),0.09,[CH2][CH](c1ccccc1),0.91,[*]CC([*])(C)(C(=O)OC),[*]CC([*])(c1ccccc1),,[*]CC([*])(C)C(=O)OC,[*]CC([*])c1ccccc1
278,97.0,29300.0,33600.0,[C](C)(C)(C#N),[S]C(=S)SCc1ccccc1,[CH2][C](C)(C(=O)OC),0.09,[CH2][CH](c1ccccc1),0.91,[*]CC([*])(C)(C(=O)OC),[*]CC([*])(c1ccccc1),,[*]CC([*])(C)C(=O)OC,[*]CC([*])c1ccccc1
279,99.4,29300.0,33600.0,[C](C)(C)(C#N),[S]C(=S)SCc1ccccc1,[CH2][C](C)(C(=O)OC),0.23,[CH2][CH](c1ccccc1),0.77,[*]CC([*])(C)(C(=O)OC),[*]CC([*])(c1ccccc1),,[*]CC([*])(C)C(=O)OC,[*]CC([*])c1ccccc1
280,101.4,29300.0,33600.0,[C](C)(C)(C#N),[S]C(=S)SCc1ccccc1,[CH2][C](C)(C(=O)OC),0.23,[CH2][CH](c1ccccc1),0.77,[*]CC([*])(C)(C(=O)OC),[*]CC([*])(c1ccccc1),,[*]CC([*])(C)C(=O)OC,[*]CC([*])c1ccccc1
281,99.8,35000.0,38400.0,[C](C)(C)(C#N),[S]C(=S)SCc1ccccc1,[CH2][C](C)(C(=O)OC),0.23,[CH2][CH](c1ccccc1),0.77,[*]CC([*])(C)(C(=O)OC),[*]CC([*])(c1ccccc1),,[*]CC([*])(C)C(=O)OC,[*]CC([*])c1ccccc1
282,102.1,35000.0,38400.0,[C](C)(C)(C#N),[S]C(=S)SCc1ccccc1,[CH2][C](C)(C(=O)OC),0.23,[CH2][CH](c1ccccc1),0.77,[*]CC([*])(C)(C(=O)OC),[*]CC([*])(c1ccccc1),,[*]CC([*])(C)C(=O)OC,[*]CC([*])c1ccccc1
283,101.4,35000.0,38400.0,[C](C)(C)(C#N),[S]C(=S)SCc1ccccc1,[CH2][C](C)(C(=O)OC),0.48,[CH2][CH](c1ccccc1),0.52,[*]CC([*])(C)(C(=O)OC),[*]CC([*])(c1ccccc1),,[*]CC([*])(C)C(=O)OC,[*]CC([*])c1ccccc1
284,102.1,35000.0,38400.0,[C](C)(C)(C#N),[S]C(=S)SCc1ccccc1,[CH2][C](C)(C(=O)OC),0.48,[CH2][CH](c1ccccc1),0.52,[*]CC([*])(C)(C(=O)OC),[*]CC([*])(c1ccccc1),,[*]CC([*])(C)C(=O)OC,[*]CC([*])c1ccccc1
285,101.1,38600.0,44200.0,[C](C)(C)(C#N),[S]C(=S)SCc1ccccc1,[CH2][C](C)(C(=O)OC),0.48,[CH2][CH](c1ccccc1),0.52,[*]CC([*])(C)(C(=O)OC),[*]CC([*])(c1ccccc1),,[*]CC([*])(C)C(=O)OC,[*]CC([*])c1ccccc1
286,102.2,38600.0,44200.0,[C](C)(C)(C#N),[S]C(=S)SCc1ccccc1,[CH2][C](C)(C(=O)OC),0.48,[CH2][CH](c1ccccc1),0.52,[*]CC([*])(C)(C(=O)OC),[*]CC([*])(c1ccccc1),,[*]CC([*])(C)C(=O)OC,[*]CC([*])c1ccccc1
287,105.5,53800.0,60200.0,[C](C)(C)(C#N),[S]C(=S)SCc1ccccc1,[CH2][C](C)(C(=O)OC),0.75,[CH2][CH](c1ccccc1),0.25,[*]CC([*])(C)(C(=O)OC),[*]CC([*])(c1ccccc1),,[*]CC([*])(C)C(=O)OC,[*]CC([*])c1ccccc1
288,85.2,53800.0,60200.0,[C](C)(C)(C#N),[S]C(=S)SCc1ccccc1,[CH2][C](C)(C(=O)OC),0.75,[CH2][CH](c1ccccc1),0.25,[*]CC([*])(C)(C(=O)OC),[*]CC([*])(c1ccccc1),,[*]CC([*])(C)C(=O)OC,[*]CC([*])c1ccccc1
289,82.8,73300.0,82700.0,[C](C)(C)(C#N),[S]C(=S)SCc1ccccc1,[CH2][C](C)(C(=O)OC),0.91,[CH2][CH](c1ccccc1),0.09,[*]CC([*])(C)(C(=O)OC),[*]CC([*])(c1ccccc1),,[*]CC([*])(C)C(=O)OC,[*]CC([*])c1ccccc1
290,82.5,73300.0,82700.0,[C](C)(C)(C#N),[S]C(=S)SCc1ccccc1,[CH2][C](C)(C(=O)OC),0.91,[CH2][CH](c1ccccc1),0.09,[*]CC([*])(C)(C(=O)OC),[*]CC([*])(c1ccccc1),,[*]CC([*])(C)C(=O)OC,[*]CC([*])c1ccccc1
291,103.6,47900.0,53500.0,[C](C)(C)(C#N),[S]C(=S)SCc1ccccc1,[CH2][C](C)(C(=O)OC),0.1,[CH2][CH](c1ccccc1),0.9,[*]CC([*])(C)(C(=O)OC),[*]CC([*])(c1ccccc1),,[*]CC([*])(C)C(=O)OC,[*]CC([*])c1ccccc1
292,106.8,47900.0,53500.0,[C](C)(C)(C#N),[S]C(=S)SCc1ccccc1,[CH2][C](C)(C(=O)OC),0.1,[CH2][CH](c1ccccc1),0.9,[*]CC([*])(C)(C(=O)OC),[*]CC([*])(c1ccccc1),,[*]CC([*])(C)C(=O)OC,[*]CC([*])c1ccccc1
293,103.5,51200.0,56800.0,[C](C)(C)(C#N),[S]C(=S)SCc1ccccc1,[CH2][C](C)(C(=O)OC),0.24,[CH2][CH](c1ccccc1),0.76,[*]CC([*])(C)(C(=O)OC),[*]CC([*])(c1ccccc1),,[*]CC([*])(C)C(=O)OC,[*]CC([*])c1ccccc1
294,106.9,51200.0,56800.0,[C](C)(C)(C#N),[S]C(=S)SCc1ccccc1,[CH2][C](C)(C(=O)OC),0.24,[CH2][CH](c1ccccc1),0.76,[*]CC([*])(C)(C(=O)OC),[*]CC([*])(c1ccccc1),,[*]CC([*])(C)C(=O)OC,[*]CC([*])c1ccccc1
295,95.4,62300.0,69600.0,[C](C)(C)(C#N),[S]C(=S)SCc1ccccc1,[CH2][C](C)(C(=O)OC),0.48,[CH2][CH](c1ccccc1),0.52,[*]CC([*])(C)(C(=O)OC),[*]CC([*])(c1ccccc1),,[*]CC([*])(C)C(=O)OC,[*]CC([*])c1ccccc1
296,90.9,62300.0,69600.0,[C](C)(C)(C#N),[S]C(=S)SCc1ccccc1,[CH2][C](C)(C(=O)OC),0.48,[CH2][CH](c1ccccc1),0.52,[*]CC([*])(C)(C(=O)OC),[*]CC([*])(c1ccccc1),,[*]CC([*])(C)C(=O)OC,[*]CC([*])c1ccccc1
297,102.4,86600.0,96100.0,[C](C)(C)(C#N),[S]C(=S)SCc1ccccc1,[CH2][C](C)(C(=O)OC),0.75,[CH2][CH](c1ccccc1),0.25,[*]CC([*])(C)(C(=O)OC),[*]CC([*])(c1ccccc1),,[*]CC([*])(C)C(=O)OC,[*]CC([*])c1ccccc1
298,105.1,86600.0,96100.0,[C](C)(C)(C#N),[S]C(=S)SCc1ccccc1,[CH2][C](C)(C(=O)OC),0.75,[CH2][CH](c1ccccc1),0.25,[*]CC([*])(C)(C(=O)OC),[*]CC([*])(c1ccccc1),,[*]CC([*])(C)C(=O)OC,[*]CC([*])c1ccccc1
299,79.2,108000.0,123900.0,[C](C)(C)(C#N),[S]C(=S)SCc1ccccc1,[CH2][C](C)(C(=O)OC),0.9,[CH2][CH](c1ccccc1),0.1,[*]CC([*])(C)(C(=O)OC),[*]CC([*])(c1ccccc1),,[*]CC([*])(C)C(=O)OC,[*]CC([*])c1ccccc1
300,83.9,108000.0,123900.0,[C](C)(C)(C#N),[S]C(=S)SCc1ccccc1,[CH2][C](C)(C(=O)OC),0.9,[CH2][CH](c1ccccc1),0.1,[*]CC([*])(C)(C(=O)OC),[*]CC([*])(c1ccccc1),,[*]CC([*])(C)C(=O)OC,[*]CC([*])c1ccccc1
301,103.8,54800.0,62900.0,[C](C)(C)(C#N),[S]C(=S)SCc1ccccc1,[CH2][C](C)(C(=O)OC),0.1,[CH2][CH](c1ccccc1),0.9,[*]CC([*])(C)(C(=O)OC),[*]CC([*])(c1ccccc1),,[*]CC([*])(C)C(=O)OC,[*]CC([*])c1ccccc1
302,105.4,54800.0,62900.0,[C](C)(C)(C#N),[S]C(=S)SCc1ccccc1,[CH2][C](C)(C(=O)OC),0.1,[CH2][CH](c1ccccc1),0.9,[*]CC([*])(C)(C(=O)OC),[*]CC([*])(c1ccccc1),,[*]CC([*])(C)C(=O)OC,[*]CC([*])c1ccccc1
303,103.9,60300.0,68000.0,[C](C)(C)(C#N),[S]C(=S)SCc1ccccc1,[CH2][C](C)(C(=O)OC),0.23,[CH2][CH](c1ccccc1),0.77,[*]CC([*])(C)(C(=O)OC),[*]CC([*])(c1ccccc1),,[*]CC([*])(C)C(=O)OC,[*]CC([*])c1ccccc1
304,105.6,60300.0,68000.0,[C](C)(C)(C#N),[S]C(=S)SCc1ccccc1,[CH2][C](C)(C(=O)OC),0.23,[CH2][CH](c1ccccc1),0.77,[*]CC([*])(C)(C(=O)OC),[*]CC([*])(c1ccccc1),,[*]CC([*])(C)C(=O)OC,[*]CC([*])c1ccccc1
305,104.9,69700.0,80200.0,[C](C)(C)(C#N),[S]C(=S)SCc1ccccc1,[CH2][C](C)(C(=O)OC),0.47,[CH2][CH](c1ccccc1),0.53,[*]CC([*])(C)(C(=O)OC),[*]CC([*])(c1ccccc1),,[*]CC([*])(C)C(=O)OC,[*]CC([*])c1ccccc1
306,105.9,69700.0,80200.0,[C](C)(C)(C#N),[S]C(=S)SCc1ccccc1,[CH2][C](C)(C(=O)OC),0.47,[CH2][CH](c1ccccc1),0.53,[*]CC([*])(C)(C(=O)OC),[*]CC([*])(c1ccccc1),,[*]CC([*])(C)C(=O)OC,[*]CC([*])c1ccccc1
307,86.9,92300.0,105900.0,[C](C)(C)(C#N),[S]C(=S)SCc1ccccc1,[CH2][C](C)(C(=O)OC),0.74,[CH2][CH](c1ccccc1),0.26,[*]CC([*])(C)(C(=O)OC),[*]CC([*])(c1ccccc1),,[*]CC([*])(C)C(=O)OC,[*]CC([*])c1ccccc1
308,85.1,92300.0,105900.0,[C](C)(C)(C#N),[S]C(=S)SCc1ccccc1,[CH2][C](C)(C(=O)OC),0.74,[CH2][CH](c1ccccc1),0.26,[*]CC([*])(C)(C(=O)OC),[*]CC([*])(c1ccccc1),,[*]CC([*])(C)C(=O)OC,[*]CC([*])c1ccccc1
309,86.2,104400.0,132000.0,[C](C)(C)(C#N),[S]C(=S)SCc1ccccc1,[CH2][C](C)(C(=O)OC),0.9,[CH2][CH](c1ccccc1),0.1,[*]CC([*])(C)(C(=O)OC),[*]CC([*])(c1ccccc1),,[*]CC([*])(C)C(=O)OC,[*]CC([*])c1ccccc1
310,82.5,104400.0,132000.0,[C](C)(C)(C#N),[S]C(=S)SCc1ccccc1,[CH2][C](C)(C(=O)OC),0.9,[CH2][CH](c1ccccc1),0.1,[*]CC([*])(C)(C(=O)OC),[*]CC([*])(c1ccccc1),,[*]CC([*])(C)C(=O)OC,[*]CC([*])c1ccccc1
311,99.8,53300.0,64100.0,[C](C)(C)(C#N),[S]C(=S)SCc1ccccc1,[CH2][C](C)(C(=O)OC),0.09,[CH2][CH](c1ccccc1),0.91,[*]CC([*])(C)(C(=O)OC),[*]CC([*])(c1ccccc1),,[*]CC([*])(C)C(=O)OC,[*]CC([*])c1ccccc1
312,101.3,53300.0,64100.0,[C](C)(C)(C#N),[S]C(=S)SCc1ccccc1,[CH2][C](C)(C(=O)OC),0.09,[CH2][CH](c1ccccc1),0.91,[*]CC([*])(C)(C(=O)OC),[*]CC([*])(c1ccccc1),,[*]CC([*])(C)C(=O)OC,[*]CC([*])c1ccccc1
313,98.8,64000.0,75700.0,[C](C)(C)(C#N),[S]C(=S)SCc1ccccc1,[CH2][C](C)(C(=O)OC),0.24,[CH2][CH](c1ccccc1),0.76,[*]CC([*])(C)(C(=O)OC),[*]CC([*])(c1ccccc1),,[*]CC([*])(C)C(=O)OC,[*]CC([*])c1ccccc1
314,101.3,64000.0,75700.0,[C](C)(C)(C#N),[S]C(=S)SCc1ccccc1,[CH2][C](C)(C(=O)OC),0.24,[CH2][CH](c1ccccc1),0.76,[*]CC([*])(C)(C(=O)OC),[*]CC([*])(c1ccccc1),,[*]CC([*])(C)C(=O)OC,[*]CC([*])c1ccccc1
315,104.6,102000.0,118000.0,[C](C)(C)(C#N),[S]C(=S)SCc1ccccc1,[CH2][C](C)(C(=O)OC),0.47,[CH2][CH](c1ccccc1),0.53,[*]CC([*])(C)(C(=O)OC),[*]CC([*])(c1ccccc1),,[*]CC([*])(C)C(=O)OC,[*]CC([*])c1ccccc1
316,105.7,102000.0,118000.0,[C](C)(C)(C#N),[S]C(=S)SCc1ccccc1,[CH2][C](C)(C(=O)OC),0.47,[CH2][CH](c1ccccc1),0.53,[*]CC([*])(C)(C(=O)OC),[*]CC([*])(c1ccccc1),,[*]CC([*])(C)C(=O)OC,[*]CC([*])c1ccccc1
317,95.0,118300.0,148500.0,[C](C)(C)(C#N),[S]C(=S)SCc1ccccc1,[CH2][C](C)(C(=O)OC),0.89,[CH2][CH](c1ccccc1),0.11,[*]CC([*])(C)(C(=O)OC),[*]CC([*])(c1ccccc1),,[*]CC([*])(C)C(=O)OC,[*]CC([*])c1ccccc1
318,82.6,118300.0,148500.0,[C](C)(C)(C#N),[S]C(=S)SCc1ccccc1,[CH2][C](C)(C(=O)OC),0.89,[CH2][CH](c1ccccc1),0.11,[*]CC([*])(C)(C(=O)OC),[*]CC([*])(c1ccccc1),,[*]CC([*])(C)C(=O)OC,[*]CC([*])c1ccccc1
319,94.1,70600.0,80300.0,[C](C)(C)(C#N),[S]C(=S)SCc1ccccc1,[CH2][C](C)(C(=O)OC),0.09,[CH2][CH](c1ccccc1),0.91,[*]CC([*])(C)(C(=O)OC),[*]CC([*])(c1ccccc1),,[*]CC([*])(C)C(=O)OC,[*]CC([*])c1ccccc1
320,93.0,70600.0,80300.0,[C](C)(C)(C#N),[S]C(=S)SCc1ccccc1,[CH2][C](C)(C(=O)OC),0.09,[CH2][CH](c1ccccc1),0.91,[*]CC([*])(C)(C(=O)OC),[*]CC([*])(c1ccccc1),,[*]CC([*])(C)C(=O)OC,[*]CC([*])c1ccccc1
321,100.4,69700.0,78300.0,[C](C)(C)(C#N),[S]C(=S)SCc1ccccc1,[CH2][C](C)(C(=O)OC),0.21,[CH2][CH](c1ccccc1),0.79,[*]CC([*])(C)(C(=O)OC),[*]CC([*])(c1ccccc1),,[*]CC([*])(C)C(=O)OC,[*]CC([*])c1ccccc1
322,99.6,69700.0,78300.0,[C](C)(C)(C#N),[S]C(=S)SCc1ccccc1,[CH2][C](C)(C(=O)OC),0.21,[CH2][CH](c1ccccc1),0.79,[*]CC([*])(C)(C(=O)OC),[*]CC([*])(c1ccccc1),,[*]CC([*])(C)C(=O)OC,[*]CC([*])c1ccccc1
323,100.8,73300.0,81400.0,[C](C)(C)(C#N),[S]C(=S)SCc1ccccc1,[CH2][C](C)(C(=O)OC),0.46,[CH2][CH](c1ccccc1),0.54,[*]CC([*])(C)(C(=O)OC),[*]CC([*])(c1ccccc1),,[*]CC([*])(C)C(=O)OC,[*]CC([*])c1ccccc1
324,100.6,73300.0,81400.0,[C](C)(C)(C#N),[S]C(=S)SCc1ccccc1,[CH2][C](C)(C(=O)OC),0.46,[CH2][CH](c1ccccc1),0.54,[*]CC([*])(C)(C(=O)OC),[*]CC([*])(c1ccccc1),,[*]CC([*])(C)C(=O)OC,[*]CC([*])c1ccccc1
325,92.2,63500.0,77300.0,[C](C)(C)(C#N),[S]C(=S)SCc1ccccc1,[CH2][C](C)(C(=O)OC),0.73,[CH2][CH](c1ccccc1),0.27,[*]CC([*])(C)(C(=O)OC),[*]CC([*])(c1ccccc1),,[*]CC([*])(C)C(=O)OC,[*]CC([*])c1ccccc1
326,83.0,63500.0,77300.0,[C](C)(C)(C#N),[S]C(=S)SCc1ccccc1,[CH2][C](C)(C(=O)OC),0.73,[CH2][CH](c1ccccc1),0.27,[*]CC([*])(C)(C(=O)OC),[*]CC([*])(c1ccccc1),,[*]CC([*])(C)C(=O)OC,[*]CC([*])c1ccccc1
327,120.6,125300.0,149500.0,[C](C)(C)(C#N),[S]C(=S)SCc1ccccc1,[CH2][C](C)(C(=O)OC),0.89,[CH2][CH](c1ccccc1),0.11,[*]CC([*])(C)(C(=O)OC),[*]CC([*])(c1ccccc1),,[*]CC([*])(C)C(=O)OC,[*]CC([*])c1ccccc1
328,122.7,125300.0,149500.0,[C](C)(C)(C#N),[S]C(=S)SCc1ccccc1,[CH2][C](C)(C(=O)OC),0.89,[CH2][CH](c1ccccc1),0.11,[*]CC([*])(C)(C(=O)OC),[*]CC([*])(c1ccccc1),,[*]CC([*])(C)C(=O)OC,[*]CC([*])c1ccccc1
329,88.7,20000.0,22200.0,[C](C)(C)(C#N),[S]C(=S)SCc1ccccc1,[CH2][C](C)(C(=O)OC),0.09,[CH2][CH](c1ccccc1),0.91,[*]CC([*])(C)(C(=O)OC),[*]CC([*])(c1ccccc1),,[*]CC([*])(C)C(=O)OC,[*]CC([*])c1ccccc1
330,92.2,20000.0,22200.0,[C](C)(C)(C#N),[S]C(=S)SCc1ccccc1,[CH2][C](C)(C(=O)OC),0.09,[CH2][CH](c1ccccc1),0.91,[*]CC([*])(C)(C(=O)OC),[*]CC([*])(c1ccccc1),,[*]CC([*])(C)C(=O)OC,[*]CC([*])c1ccccc1
331,92.0,21600.0,24400.0,[C](C)(C)(C#N),[S]C(=S)SCc1ccccc1,[CH2][C](C)(C(=O)OC),0.24,[CH2][CH](c1ccccc1),0.76,[*]CC([*])(C)(C(=O)OC),[*]CC([*])(c1ccccc1),,[*]CC([*])(C)C(=O)OC,[*]CC([*])c1ccccc1
332,92.2,21600.0,24400.0,[C](C)(C)(C#N),[S]C(=S)SCc1ccccc1,[CH2][C](C)(C(=O)OC),0.24,[CH2][CH](c1ccccc1),0.76,[*]CC([*])(C)(C(=O)OC),[*]CC([*])(c1ccccc1),,[*]CC([*])(C)C(=O)OC,[*]CC([*])c1ccccc1
333,92.3,27600.0,33300.0,[C](C)(C)(C#N),[S]C(=S)SCc1ccccc1,[CH2][C](C)(C(=O)OC),0.48,[CH2][CH](c1ccccc1),0.52,[*]CC([*])(C)(C(=O)OC),[*]CC([*])(c1ccccc1),,[*]CC([*])(C)C(=O)OC,[*]CC([*])c1ccccc1
334,92.6,27600.0,33300.0,[C](C)(C)(C#N),[S]C(=S)SCc1ccccc1,[CH2][C](C)(C(=O)OC),0.48,[CH2][CH](c1ccccc1),0.52,[*]CC([*])(C)(C(=O)OC),[*]CC([*])(c1ccccc1),,[*]CC([*])(C)C(=O)OC,[*]CC([*])c1ccccc1
335,98.0,39200.0,46100.0,[C](C)(C)(C#N),[S]C(=S)SCc1ccccc1,[CH2][C](C)(C(=O)OC),0.75,[CH2][CH](c1ccccc1),0.25,[*]CC([*])(C)(C(=O)OC),[*]CC([*])(c1ccccc1),,[*]CC([*])(C)C(=O)OC,[*]CC([*])c1ccccc1
336,92.4,39200.0,46100.0,[C](C)(C)(C#N),[S]C(=S)SCc1ccccc1,[CH2][C](C)(C(=O)OC),0.75,[CH2][CH](c1ccccc1),0.25,[*]CC([*])(C)(C(=O)OC),[*]CC([*])(c1ccccc1),,[*]CC([*])(C)C(=O)OC,[*]CC([*])c1ccccc1
337,90.4,36000.0,45500.0,[C](C)(C)(C#N),[S]C(=S)SCc1ccccc1,[CH2][C](C)(C(=O)OC),0.91,[CH2][CH](c1ccccc1),0.09,[*]CC([*])(C)(C(=O)OC),[*]CC([*])(c1ccccc1),,[*]CC([*])(C)C(=O)OC,[*]CC([*])c1ccccc1
338,82.8,36000.0,45500.0,[C](C)(C)(C#N),[S]C(=S)SCc1ccccc1,[CH2][C](C)(C(=O)OC),0.91,[CH2][CH](c1ccccc1),0.09,[*]CC([*])(C)(C(=O)OC),[*]CC([*])(c1ccccc1),,[*]CC([*])(C)C(=O)OC,[*]CC([*])c1ccccc1
339,97.0,49500.0,59300.0,[C](C)(C)(C#N),[S]C(=S)SCc1ccccc1,[CH2][C](C)(C(=O)OC),0.48,[CH2][CH](c1ccccc1),0.52,[*]CC([*])(C)(C(=O)OC),[*]CC([*])(c1ccccc1),,[*]CC([*])(C)C(=O)OC,[*]CC([*])c1ccccc1
340,93.9,49500.0,59300.0,[C](C)(C)(C#N),[S]C(=S)SCc1ccccc1,[CH2][C](C)(C(=O)OC),0.48,[CH2][CH](c1ccccc1),0.52,[*]CC([*])(C)(C(=O)OC),[*]CC([*])(c1ccccc1),,[*]CC([*])(C)C(=O)OC,[*]CC([*])c1ccccc1
341,71.1,73200.0,82700.0,[C](C)(C)(C#N),[S]C(=S)SCc1ccccc1,[CH2][C](C)(C(=O)OC),0.75,[CH2][CH](c1ccccc1),0.25,[*]CC([*])(C)(C(=O)OC),[*]CC([*])(c1ccccc1),,[*]CC([*])(C)C(=O)OC,[*]CC([*])c1ccccc1
342,82.7,73200.0,82700.0,[C](C)(C)(C#N),[S]C(=S)SCc1ccccc1,[CH2][C](C)(C(=O)OC),0.75,[CH2][CH](c1ccccc1),0.25,[*]CC([*])(C)(C(=O)OC),[*]CC([*])(c1ccccc1),,[*]CC([*])(C)C(=O)OC,[*]CC([*])c1ccccc1
343,81.8,46900.0,59000.0,[C](C)(C)(C#N),[S]C(=S)SCc1ccccc1,[CH2][C](C)(C(=O)OC),0.91,[CH2][CH](c1ccccc1),0.09,[*]CC([*])(C)(C(=O)OC),[*]CC([*])(c1ccccc1),,[*]CC([*])(C)C(=O)OC,[*]CC([*])c1ccccc1
344,83.1,46900.0,59000.0,[C](C)(C)(C#N),[S]C(=S)SCc1ccccc1,[CH2][C](C)(C(=O)OC),0.91,[CH2][CH](c1ccccc1),0.09,[*]CC([*])(C)(C(=O)OC),[*]CC([*])(c1ccccc1),,[*]CC([*])(C)C(=O)OC,[*]CC([*])c1ccccc1
345,99.0,26100.0,29200.0,[C](C)(C)(C#N),[S]C(=S)SCc1ccccc1,[CH2][C](C)(C(=O)OC),0.11,[CH2][CH](c1ccccc1),0.89,[*]CC([*])(C)(C(=O)OC),[*]CC([*])(c1ccccc1),,[*]CC([*])(C)C(=O)OC,[*]CC([*])c1ccccc1
346,99.4,26100.0,29200.0,[C](C)(C)(C#N),[S]C(=S)SCc1ccccc1,[CH2][C](C)(C(=O)OC),0.11,[CH2][CH](c1ccccc1),0.89,[*]CC([*])(C)(C(=O)OC),[*]CC([*])(c1ccccc1),,[*]CC([*])(C)C(=O)OC,[*]CC([*])c1ccccc1
347,100.9,26000.0,32200.0,[C](C)(C)(C#N),[S]C(=S)SCc1ccccc1,[CH2][C](C)(C(=O)OC),0.48,[CH2][CH](c1ccccc1),0.52,[*]CC([*])(C)(C(=O)OC),[*]CC([*])(c1ccccc1),,[*]CC([*])(C)C(=O)OC,[*]CC([*])c1ccccc1
348,99.4,26000.0,32200.0,[C](C)(C)(C#N),[S]C(=S)SCc1ccccc1,[CH2][C](C)(C(=O)OC),0.48,[CH2][CH](c1ccccc1),0.52,[*]CC([*])(C)(C(=O)OC),[*]CC([*])(c1ccccc1),,[*]CC([*])(C)C(=O)OC,[*]CC([*])c1ccccc1
349,110.5,49900.0,57000.0,[C](C)(C)(C#N),[S]C(=S)SCc1ccccc1,[CH2][C](C)(C(=O)OC),0.75,[CH2][CH](c1ccccc1),0.25,[*]CC([*])(C)(C(=O)OC),[*]CC([*])(c1ccccc1),,[*]CC([*])(C)C(=O)OC,[*]CC([*])c1ccccc1
350,102.2,49900.0,57000.0,[C](C)(C)(C#N),[S]C(=S)SCc1ccccc1,[CH2][C](C)(C(=O)OC),0.75,[CH2][CH](c1ccccc1),0.25,[*]CC([*])(C)(C(=O)OC),[*]CC([*])(c1ccccc1),,[*]CC([*])(C)C(=O)OC,[*]CC([*])c1ccccc1
351,100.3,54800.0,62500.0,[C](C)(C)(C#N),[S]C(=S)SCc1ccccc1,[CH2][C](C)(C(=O)OC),0.48,[CH2][CH](c1ccccc1),0.52,[*]CC([*])(C)(C(=O)OC),[*]CC([*])(c1ccccc1),,[*]CC([*])(C)C(=O)OC,[*]CC([*])c1ccccc1
352,100.0,54800.0,62500.0,[C](C)(C)(C#N),[S]C(=S)SCc1ccccc1,[CH2][C](C)(C(=O)OC),0.48,[CH2][CH](c1ccccc1),0.52,[*]CC([*])(C)(C(=O)OC),[*]CC([*])(c1ccccc1),,[*]CC([*])(C)C(=O)OC,[*]CC([*])c1ccccc1
353,94.3,69500.0,77300.0,[C](C)(C)(C#N),[S]C(=S)SCc1ccccc1,[CH2][C](C)(C(=O)OC),0.74,[CH2][CH](c1ccccc1),0.26,[*]CC([*])(C)(C(=O)OC),[*]CC([*])(c1ccccc1),,[*]CC([*])(C)C(=O)OC,[*]CC([*])c1ccccc1
354,94.2,69500.0,77300.0,[C](C)(C)(C#N),[S]C(=S)SCc1ccccc1,[CH2][C](C)(C(=O)OC),0.74,[CH2][CH](c1ccccc1),0.26,[*]CC([*])(C)(C(=O)OC),[*]CC([*])(c1ccccc1),,[*]CC([*])(C)C(=O)OC,[*]CC([*])c1ccccc1
355,109.3,23000.0,31000.0,[C](C)(C)(C#N),[S]C(=S)SCc1ccccc1,[CH2][C](C)(C(=O)OC),0.92,[CH2][CH](c1ccccc1),0.08,[*]CC([*])(C)(C(=O)OC),[*]CC([*])(c1ccccc1),,[*]CC([*])(C)C(=O)OC,[*]CC([*])c1ccccc1
356,100.7,23000.0,31000.0,[C](C)(C)(C#N),[S]C(=S)SCc1ccccc1,[CH2][C](C)(C(=O)OC),0.92,[CH2][CH](c1ccccc1),0.08,[*]CC([*])(C)(C(=O)OC),[*]CC([*])(c1ccccc1),,[*]CC([*])(C)C(=O)OC,[*]CC([*])c1ccccc1
357,99.5,25900.0,28900.0,[C](C)(C)(C#N),[S]C(=S)SCc1ccccc1,[CH2][C](C)(C(=O)OC),0.1,[CH2][CH](c1ccccc1),0.9,[*]CC([*])(C)(C(=O)OC),[*]CC([*])(c1ccccc1),,[*]CC([*])(C)C(=O)OC,[*]CC([*])c1ccccc1
358,95.6,25900.0,28900.0,[C](C)(C)(C#N),[S]C(=S)SCc1ccccc1,[CH2][C](C)(C(=O)OC),0.1,[CH2][CH](c1ccccc1),0.9,[*]CC([*])(C)(C(=O)OC),[*]CC([*])(c1ccccc1),,[*]CC([*])(C)C(=O)OC,[*]CC([*])c1ccccc1
359,103.1,29300.0,41100.0,[C](C)(C)(C#N),[S]C(=S)SCc1ccccc1,[CH2][C](C)(C(=O)OC),0.75,[CH2][CH](c1ccccc1),0.25,[*]CC([*])(C)(C(=O)OC),[*]CC([*])(c1ccccc1),,[*]CC([*])(C)C(=O)OC,[*]CC([*])c1ccccc1
360,97.2,29300.0,41100.0,[C](C)(C)(C#N),[S]C(=S)SCc1ccccc1,[CH2][C](C)(C(=O)OC),0.75,[CH2][CH](c1ccccc1),0.25,[*]CC([*])(C)(C(=O)OC),[*]CC([*])(c1ccccc1),,[*]CC([*])(C)C(=O)OC,[*]CC([*])c1ccccc1
361,104.3,42200.0,52300.0,[C](C)(C)(C#N),[S]C(=S)SCc1ccccc1,[CH2][C](C)(C(=O)OC),0.9,[CH2][CH](c1ccccc1),0.1,[*]CC([*])(C)(C(=O)OC),[*]CC([*])(c1ccccc1),,[*]CC([*])(C)C(=O)OC,[*]CC([*])c1ccccc1
362,100.6,42200.0,52300.0,[C](C)(C)(C#N),[S]C(=S)SCc1ccccc1,[CH2][C](C)(C(=O)OC),0.9,[CH2][CH](c1ccccc1),0.1,[*]CC([*])(C)(C(=O)OC),[*]CC([*])(c1ccccc1),,[*]CC([*])(C)C(=O)OC,[*]CC([*])c1ccccc1
363,95.3,29300.0,36100.0,[C](C)(C)(C#N),[S]C(=S)SCc1ccccc1,[CH2][C](C)(C(=O)OC),0.09,[CH2][CH](c1ccccc1),0.91,[*]CC([*])(C)(C(=O)OC),[*]CC([*])(c1ccccc1),,[*]CC([*])(C)C(=O)OC,[*]CC([*])c1ccccc1
364,94.5,29300.0,36100.0,[C](C)(C)(C#N),[S]C(=S)SCc1ccccc1,[CH2][C](C)(C(=O)OC),0.09,[CH2][CH](c1ccccc1),0.91,[*]CC([*])(C)(C(=O)OC),[*]CC([*])(c1ccccc1),,[*]CC([*])(C)C(=O)OC,[*]CC([*])c1ccccc1
365,92.5,15000.0,25700.0,[C](C)(C)(C#N),[S]C(=S)SCc1ccccc1,[CH2][C](C)(C(=O)OC),0.24,[CH2][CH](c1ccccc1),0.76,[*]CC([*])(C)(C(=O)OC),[*]CC([*])(c1ccccc1),,[*]CC([*])(C)C(=O)OC,[*]CC([*])c1ccccc1
366,96.1,15000.0,25700.0,[C](C)(C)(C#N),[S]C(=S)SCc1ccccc1,[CH2][C](C)(C(=O)OC),0.24,[CH2][CH](c1ccccc1),0.76,[*]CC([*])(C)(C(=O)OC),[*]CC([*])(c1ccccc1),,[*]CC([*])(C)C(=O)OC,[*]CC([*])c1ccccc1
367,92.3,27100.0,33400.0,[C](C)(C)(C#N),[S]C(=S)SCc1ccccc1,[CH2][C](C)(C(=O)OC),0.48,[CH2][CH](c1ccccc1),0.52,[*]CC([*])(C)(C(=O)OC),[*]CC([*])(c1ccccc1),,[*]CC([*])(C)C(=O)OC,[*]CC([*])c1ccccc1
368,93.3,27100.0,33400.0,[C](C)(C)(C#N),[S]C(=S)SCc1ccccc1,[CH2][C](C)(C(=O)OC),0.48,[CH2][CH](c1ccccc1),0.52,[*]CC([*])(C)(C(=O)OC),[*]CC([*])(c1ccccc1),,[*]CC([*])(C)C(=O)OC,[*]CC([*])c1ccccc1
369,111.6,52200.0,60500.0,[C](C)(C)(C#N),[S]C(=S)SCc1ccccc1,[CH2][C](C)(C(=O)OC),0.75,[CH2][CH](c1ccccc1),0.25,[*]CC([*])(C)(C(=O)OC),[*]CC([*])(c1ccccc1),,[*]CC([*])(C)C(=O)OC,[*]CC([*])c1ccccc1
370,107.4,52200.0,60500.0,[C](C)(C)(C#N),[S]C(=S)SCc1ccccc1,[CH2][C](C)(C(=O)OC),0.75,[CH2][CH](c1ccccc1),0.25,[*]CC([*])(C)(C(=O)OC),[*]CC([*])(c1ccccc1),,[*]CC([*])(C)C(=O)OC,[*]CC([*])c1ccccc1
371,97.0,25300.0,38300.0,[C](C)(C)(C#N),[S]C(=S)SCc1ccccc1,[CH2][C](C)(C(=O)OC),0.48,[CH2][CH](c1ccccc1),0.52,[*]CC([*])(C)(C(=O)OC),[*]CC([*])(c1ccccc1),,[*]CC([*])(C)C(=O)OC,[*]CC([*])c1ccccc1
372,95.2,25300.0,38300.0,[C](C)(C)(C#N),[S]C(=S)SCc1ccccc1,[CH2][C](C)(C(=O)OC),0.48,[CH2][CH](c1ccccc1),0.52,[*]CC([*])(C)(C(=O)OC),[*]CC([*])(c1ccccc1),,[*]CC([*])(C)C(=O)OC,[*]CC([*])c1ccccc1
373,93.4,34900.0,40800.0,[C](C)(C)(C#N),[S]C(=S)SCc1ccccc1,[CH2][C](C)(C(=O)OC),0.1,[CH2][CH](c1ccccc1),0.9,[*]CC([*])(C)(C(=O)OC),[*]CC([*])(c1ccccc1),,[*]CC([*])(C)C(=O)OC,[*]CC([*])c1ccccc1
374,93.5,34900.0,40800.0,[C](C)(C)(C#N),[S]C(=S)SCc1ccccc1,[CH2][C](C)(C(=O)OC),0.1,[CH2][CH](c1ccccc1),0.9,[*]CC([*])(C)(C(=O)OC),[*]CC([*])(c1ccccc1),,[*]CC([*])(C)C(=O)OC,[*]CC([*])c1ccccc1
375,94.9,34600.0,41800.0,[C](C)(C)(C#N),[S]C(=S)SCc1ccccc1,[CH2][C](C)(C(=O)OC),0.24,[CH2][CH](c1ccccc1),0.76,[*]CC([*])(C)(C(=O)OC),[*]CC([*])(c1ccccc1),,[*]CC([*])(C)C(=O)OC,[*]CC([*])c1ccccc1
376,94.8,34600.0,41800.0,[C](C)(C)(C#N),[S]C(=S)SCc1ccccc1,[CH2][C](C)(C(=O)OC),0.24,[CH2][CH](c1ccccc1),0.76,[*]CC([*])(C)(C(=O)OC),[*]CC([*])(c1ccccc1),,[*]CC([*])(C)C(=O)OC,[*]CC([*])c1ccccc1
377,83.0,18100.0,20800.0,[C](C)(C)(C#N),[S]C(=S)SCc1ccccc1,[CH2][C](C)(C(=O)OC),0.23,[CH2][CH](c1ccccc1),0.77,[*]CC([*])(C)(C(=O)OC),[*]CC([*])(c1ccccc1),,[*]CC([*])(C)C(=O)OC,[*]CC([*])c1ccccc1
378,80.9,18100.0,20800.0,[C](C)(C)(C#N),[S]C(=S)SCc1ccccc1,[CH2][C](C)(C(=O)OC),0.23,[CH2][CH](c1ccccc1),0.77,[*]CC([*])(C)(C(=O)OC),[*]CC([*])(c1ccccc1),,[*]CC([*])(C)C(=O)OC,[*]CC([*])c1ccccc1
379,86.7,17200.0,22100.0,[C](C)(C)(C#N),[S]C(=S)SCc1ccccc1,[CH2][C](C)(C(=O)OC),0.48,[CH2][CH](c1ccccc1),0.52,[*]CC([*])(C)(C(=O)OC),[*]CC([*])(c1ccccc1),,[*]CC([*])(C)C(=O)OC,[*]CC([*])c1ccccc1
380,84.6,17200.0,22100.0,[C](C)(C)(C#N),[S]C(=S)SCc1ccccc1,[CH2][C](C)(C(=O)OC),0.48,[CH2][CH](c1ccccc1),0.52,[*]CC([*])(C)(C(=O)OC),[*]CC([*])(c1ccccc1),,[*]CC([*])(C)C(=O)OC,[*]CC([*])c1ccccc1
381,109.9,10900.0,16400.0,[C](C)(C)(C#N),[S]C(=S)SCc1ccccc1,[CH2][C](C)(C(=O)OC),0.76,[CH2][CH](c1ccccc1),0.24,[*]CC([*])(C)(C(=O)OC),[*]CC([*])(c1ccccc1),,[*]CC([*])(C)C(=O)OC,[*]CC([*])c1ccccc1
382,106.3,10900.0,16400.0,[C](C)(C)(C#N),[S]C(=S)SCc1ccccc1,[CH2][C](C)(C(=O)OC),0.76,[CH2][CH](c1ccccc1),0.24,[*]CC([*])(C)(C(=O)OC),[*]CC([*])(c1ccccc1),,[*]CC([*])(C)C(=O)OC,[*]CC([*])c1ccccc1
383,110.5,15400.0,25100.0,[C](C)(C)(C#N),[S]C(=S)SCc1ccccc1,[CH2][C](C)(C(=O)OC),0.92,[CH2][CH](c1ccccc1),0.08,[*]CC([*])(C)(C(=O)OC),[*]CC([*])(c1ccccc1),,[*]CC([*])(C)C(=O)OC,[*]CC([*])c1ccccc1
384,106.4,15400.0,25100.0,[C](C)(C)(C#N),[S]C(=S)SCc1ccccc1,[CH2][C](C)(C(=O)OC),0.92,[CH2][CH](c1ccccc1),0.08,[*]CC([*])(C)(C(=O)OC),[*]CC([*])(c1ccccc1),,[*]CC([*])(C)C(=O)OC,[*]CC([*])c1ccccc1
385,108.2,9100.0,24000.0,[C](C)(C)(C#N),[S]C(=S)SCc1ccccc1,[CH2][C](C)(C(=O)OC),0.89,[CH2][CH](c1ccccc1),0.11,[*]CC([*])(C)(C(=O)OC),[*]CC([*])(c1ccccc1),,[*]CC([*])(C)C(=O)OC,[*]CC([*])c1ccccc1
386,99.0,9100.0,24000.0,[C](C)(C)(C#N),[S]C(=S)SCc1ccccc1,[CH2][C](C)(C(=O)OC),0.89,[CH2][CH](c1ccccc1),0.11,[*]CC([*])(C)(C(=O)OC),[*]CC([*])(c1ccccc1),,[*]CC([*])(C)C(=O)OC,[*]CC([*])c1ccccc1
387,93.3,14400.0,26900.0,[C](C)(C)(C#N),[S]C(=S)SCc1ccccc1,[CH2][C](C)(C(=O)OC),0.48,[CH2][CH](c1ccccc1),0.52,[*]CC([*])(C)(C(=O)OC),[*]CC([*])(c1ccccc1),,[*]CC([*])(C)C(=O)OC,[*]CC([*])c1ccccc1
388,92.9,14400.0,26900.0,[C](C)(C)(C#N),[S]C(=S)SCc1ccccc1,[CH2][C](C)(C(=O)OC),0.48,[CH2][CH](c1ccccc1),0.52,[*]CC([*])(C)(C(=O)OC),[*]CC([*])(c1ccccc1),,[*]CC([*])(C)C(=O)OC,[*]CC([*])c1ccccc1
389,56.0,16000.0,16960.0,c1ccccc1C[O],[H],[C](=O)C(C)OC(=O)C(C)[O],1.0,,,[*]C(=O)C(C)OC(=O)C(C)O[*],,,[*]OC(=O)C(C)OC(=O)C([*])C,
390,55.0,19000.0,20140.0,c1ccccc1C[O],[H],[C](=O)C(C)OC(=O)C(C)[O],1.0,,,[*]C(=O)C(C)OC(=O)C(C)O[*],,,[*]OC(=O)C(C)OC(=O)C([*])C,
391,29.0,12000.0,14280.0,c1ccccc1C[O],[H],[C](=O)COC(=O)C(CC)[O],1.0,,,[*]C(=O)COC(=O)C(CC)O[*],,,[*]OC(=O)COC(=O)C([*])CC,
392,53.0,16000.0,17760.0,c1ccccc1C[O],[H],[C](=O)C(C)OC(=O)C(C)[O],0.95,[C](=O)COC(=O)C(CC)[O],0.05,[*]C(=O)C(C)OC(=O)C(C)O[*],[*]C(=O)COC(=O)C(CC)O[*],,[*]OC(=O)C(C)OC(=O)C([*])C,[*]OC(=O)COC(=O)C([*])CC
393,52.0,13000.0,15600.0,c1ccccc1C[O],[H],[C](=O)C(C)OC(=O)C(C)[O],0.89,[C](=O)COC(=O)C(CC)[O],0.11,[*]C(=O)C(C)OC(=O)C(C)O[*],[*]C(=O)COC(=O)C(CC)O[*],,[*]OC(=O)C(C)OC(=O)C([*])C,[*]OC(=O)COC(=O)C([*])CC
394,48.0,12000.0,14760.0,c1ccccc1C[O],[H],[C](=O)C(C)OC(=O)C(C)[O],0.78,[C](=O)COC(=O)C(CC)[O],0.22,[*]C(=O)C(C)OC(=O)C(C)O[*],[*]C(=O)COC(=O)C(CC)O[*],,[*]OC(=O)C(C)OC(=O)C([*])C,[*]OC(=O)COC(=O)C([*])CC
395,53.0,19000.0,20900.0,c1ccccc1C[O],[H],[C](=O)C(C)OC(=O)C(C)[O],0.96,[C](=O)COC(=O)C(CC)[O],0.04,[*]C(=O)C(C)OC(=O)C(C)O[*],[*]C(=O)COC(=O)C(CC)O[*],,[*]OC(=O)C(C)OC(=O)C([*])C,[*]OC(=O)COC(=O)C([*])CC
396,51.0,18000.0,21780.0,c1ccccc1C[O],[H],[C](=O)C(C)OC(=O)C(C)[O],0.91,[C](=O)COC(=O)C(CC)[O],0.09,[*]C(=O)C(C)OC(=O)C(C)O[*],[*]C(=O)COC(=O)C(CC)O[*],,[*]OC(=O)C(C)OC(=O)C([*])C,[*]OC(=O)COC(=O)C([*])CC
397,48.0,15000.0,19200.0,c1ccccc1C[O],[H],[C](=O)C(C)OC(=O)C(C)[O],0.78,[C](=O)COC(=O)C(CC)[O],0.22,[*]C(=O)C(C)OC(=O)C(C)O[*],[*]C(=O)COC(=O)C(CC)O[*],,[*]OC(=O)C(C)OC(=O)C([*])C,[*]OC(=O)COC(=O)C([*])CC
398,-1.3,216000.0,475000.0,[H],[H],[O]C(CCC(c1ccccc1))CC(=O)[CH2],1.0,,,[*]OC(CCC(c1ccccc1))CC(=O)C[*],,,[*]COC(CCCc1ccccc1)CC([*])=O,
399,3.0,1345000.0,1623000.0,[H],[H],[O]C(C)C[C](=O),1.0,,,[*]OC(C)CC([*])(=O),,,[*]CC(=O)OC([*])C,
400,4.0,166000.0,431600.0,[H],[H],[O]C(C)C[C](=O),1.0,,,[*]OC(C)CC([*])(=O),,,[*]CC(=O)OC([*])C,
401,7.85,1905882.0,3240000.0,[H],[H],[O]C(C)C[C](=O),1.0,,,[*]OC(C)CC([*])(=O),,,[*]CC(=O)OC([*])C,
402,-3.08,847000.0,1635000.0,[H],[H],[C](=O)CC(C)[O],1.0,,,[*]C(=O)CC(C)O[*],,,[*]CC(=O)OC([*])C,
403,-28.19,206000.0,272000.0,[H],[H],[C](=O)CC(CCC)[O],1.0,,,[*]C(=O)CC(CCC)O[*],,,[*]CC(=O)OC([*])CCC,
404,-15.09,815000.0,1056000.0,[H],[H],[C](=O)CC(CC)[O],1.0,,,[*]C(=O)CC(CC)O[*],,,[*]CC(=O)OC([*])CC,
405,-45.67,487000.0,854000.0,[H],[H],[O]CCC[C](=O),1.0,,,[*]OCCCC([*])(=O),,,[*]CCCOC([*])=O,
406,-17.85,110000.0,163000.0,[H],[H],[C](=O)CC(C)[O],1.0,,,[*]C(=O)CC(C)O[*],,,[*]CC(=O)OC([*])C,
407,-47.0,332000.0,389000.0,[H],[H],[O]CCC[C](=O),1.0,,,[*]OCCCC([*])(=O),,,[*]CCCOC([*])=O,
408,-15.8,65714.0,230000.0,[H],[H],[O]C(CC)C[C](=O),1.0,,,[*]OC(CC)CC([*])(=O),,,[*]CC(=O)OC([*])CC,
409,4.0,768000.0,1459200.0,[H],[H],[C](=O)CC(C)[O],1.0,,,[*]C(=O)CC(C)O[*],,,[*]CC(=O)OC([*])C,
410,7.9,153000.0,504900.0,[H],[H],[C](=O)CC(C)[O],1.0,,,[*]C(=O)CC(C)O[*],,,[*]CC(=O)OC([*])C,
411,2.5,270000.0,505000.0,[H],[H],[C](=O)CC(C)[O],1.0,,,[*]C(=O)CC(C)O[*],,,[*]CC(=O)OC([*])C,
412,4.0,640000.0,2200000.0,[H],[H],[C](=O)CC(C)[O],1.0,,,[*]C(=O)CC(C)O[*],,,[*]CC(=O)OC([*])C,
413,-28.19,206000.0,272000.0,[H],[H],[C](=O)CC(CCC)[O],1.0,,,[*]C(=O)CC(CCC)O[*],,,[*]CC(=O)OC([*])CCC,
414,-37.21,248600.0,361400.0,[H],[H],[C](=O)CC(CCCCCCC)[O],1.0,,,[*]C(=O)CC(CCCCCCC)O[*],,,[*]CC(=O)OC([*])CCCCCCC,
415,5.85,1693.0,2200.0,[H],[H],[CH2][CH1](C(=O)OCc1ccccc1),1.0,,,[*]CC([*])(C(=O)OCc1ccccc1),,Poly(benzyl acrylate),[*]CC([*])C(=O)OCc1ccccc1,
416,-54.15,6947.0,7544.0,[H],[H],[CH2][CH1](C(=O)OCCCC),1.0,,,[*]CC([*])(C(=O)OCCCC),,Poly(butyl acrylate),[*]CC([*])C(=O)OCCCC,
417,106.85,360000.0,648000.0,[H],[H],[CH2]C(C)(C)OC(=O)C=[CH1],1.0,,,[*]CC(C)(C)OC(=O)C=C[*],,Poly(tert-butyl acrylate),[*]CC=CC(=O)OC([*])(C)C,
418,-24.15,22000.0,23500.0,[H],[H],[CH2][CH1](C(=O)OCC),1.0,,,[*]CC([*])(C(=O)OCC),,Poly(ethyl acrylate) ,[*]CC([*])C(=O)OCC,
419,-50.15,89000.0,93400.0,[H],[H],[CH2][CH1](C(=O)OCC(CC)CCCC),1.0,,,[*]CC([*])(C(=O)OCC(CC)CCCC),,Poly(2-ethylhexyl acrylate),[*]CC([*])C(=O)OCC(CC)CCCC,
420,9.85,337000.0,471800.0,[H],[H],[CH1](C(=O)OC)[CH2],1.0,,,[*]C(C(=O)OC)C[*],,Poly(methyl acrylate) ,[*]CC([*])C(=O)OC,
421,21.85,10000.0,17000.0,[H],[H],[CH2][CH1](C(=O)OCC(C)(C)C),1.0,,,[*]CC([*])(C(=O)OCC(C)(C)C),,Poly(neopentyl acrylate),[*]CC([*])C(=O)OCC(C)(C)C,
422,-58.15,100000.0,116000.0,[H],[H],[CH2][CH1](C(=O)OCCCCCCCCC),1.0,,,[*]CC([*])(C(=O)OCCCCCCCCC),,Poly(nonyl acrylate),[*]CC([*])C(=O)OCCCCCCCCC,
423,-65.15,97659.0,124583.0,[H],[H],[CH2][CH1](C(=O)OCCCCCCCC),1.0,,,[*]CC([*])(C(=O)OCCCCCCCC),,Poly(octyl acrylate),[*]CC([*])C(=O)OCCCCCCCC,
424,164.85,82000.0,123000.0,[H],[H],[CH2][CH1](C(=O)N),1.0,,,[*]CC([*])(C(=O)N),,Poly(acrylamide),[*]CC([*])C(N)=O,
425,19.85,330000.0,359000.0,[H],[H],[CH2][C](C)(C(=O)OCCCC),1.0,,,[*]CC([*])(C)(C(=O)OCCCC),,Poly(butyl methacrylate),[*]CC([*])(C)C(=O)OCCCC,
426,82.85,70000.0,87500.0,[H],[H],[CH2][C](C)(C(=O)OC1CCCCC1),1.0,,,[*]CC([*])(C)(C(=O)OC1CCCCC1),,Poly(cyclohexyl methacrylate),[*]CC([*])(C)C(=O)OC1CCCCC1,
427,-70.15,3460.0,4500.0,[H],[H],[CH2][C](C)(C(=O)OCCCCCCCCCC),1.0,,,[*]CC([*])(C)(C(=O)OCCCCCCCCCC),,Poly(decyl methacrylate),[*]CC([*])(C)C(=O)OCCCCCCCCCC,
428,18.85,72500.0,145000.0,[H],[H],[CH2][C](C(=O)OCCN(C)(C))(C),1.0,,,[*]CC([*])(C(=O)OCCN(C)(C))(C),,Poly(dimethylaminoethyl methacrylate),[*]CC([*])(C)C(=O)OCCN(C)C,
429,64.85,26700.0,28000.0,[H],[H],[CH2][C](C)(C(=O)OCC),1.0,,,[*]CC([*])(C)(C(=O)OCC),,Poly(ethyl methacrylate),[*]CC([*])(C)C(=O)OCC,
430,73.85,213931.0,249727.0,[H],[H],[CH2][C](C)(C(=O)OCC1OC1),1.0,,,[*]CC([*])(C)(C(=O)OCC1OC1),,Poly(glycidyl methacrylate),[*]CC([*])(C)C(=O)OCC1CO1,
431,-5.15,28000.0,47500.0,[H],[H],[CH2][C](C)(C(=O)OCCCCCC),1.0,,,[*]CC([*])(C)(C(=O)OCCCCCC),,Poly(hexyl methacrylate),[*]CC([*])(C)C(=O)OCCCCCC,
432,84.85,15915.0,22178.0,[H],[H],[CH2][C](C)(C(=O)OCCO),1.0,,,[*]CC([*])(C)(C(=O)OCCO),,Poly(2-hydroxyethyl methacrylate),[*]CC([*])(C)C(=O)OCCO,
433,109.85,22500.0,28500.0,[H],[H],[CH2][C](C)(C(=O)OC1CC2C(C1(C)CC2)(C)C),1.0,,,[*]CC([*])(C)(C(=O)OC1CC2C(C1(C)CC2)(C)C),,Poly(isobornyl methacrylate),[*]CC([*])(C)C(=O)OC1CC2CCC1(C)C2(C)C,
434,227.85,991985.0,1252000.0,[H],[H],[CH2][C](C)(C(=O)O),1.0,,,[*]CC([*])(C)(C(=O)O),,Poly(methacrylic acid),[*]CC([*])(C)C(=O)O,
435,-100.15,3700.0,4400.0,[H],[H],[CH2][C](C)(C(=O)OCCCCCCCCCCCCCCCCCC),1.0,,,[*]CC([*])(C)(C(=O)OCCCCCCCCCCCCCCCCCC),,Poly(octadecyl methacrylate),[*]CC([*])(C)C(=O)OCCCCCCCCCCCCCCCCCC,
436,34.85,320000.0,480000.0,[H],[H],[CH2][C](C)(C(=O)OCCC),1.0,,,[*]CC([*])(C)(C(=O)OCCC),,Poly(propyl methacrylate),[*]CC([*])(C)C(=O)OCCC,
437,118.85,65000.0,104000.0,[H],[H],[CH2][CH1](c1c(Cl)cccc1),1.0,,,[*]CC([*])(c1c(Cl)cccc1),,Poly(2-chlorostyrene),[*]CC([*])c1ccccc1Cl,
438,89.85,6000.0,7200.0,[H],[H],[CH2][CH1](c1cc(Cl)ccc1),1.0,,,[*]CC([*])(c1cc(Cl)ccc1),,Poly(3-chlorostyrene),[*]CC([*])c1cccc(Cl)c1,
439,109.85,44500.0,71000.0,[H],[H],[CH2][CH1](c1ccc(Cl)cc1),1.0,,,[*]CC([*])(c1ccc(Cl)cc1),,Poly(4-chlorostyrene),[*]CC([*])c1ccc(Cl)cc1,
440,119.85,20429.0,30175.0,[H],[H],[CH2][CH1](c1ccc(CN)cc1),1.0,,,[*]CC([*])(c1ccc(CN)cc1),,Poly(4-cyanostyrene),[*]CC([*])c1ccc(CN)cc1,
441,176.0,81800.0,85000.0,[H],[H],[CH2][C](c1ccccc1)(C),1.0,,,[*]CC([*])(c1ccccc1)(C),,Poly(?-methyl styrene),[*]CC([*])(C)c1ccccc1,
442,94.85,2830.0,3000.0,[H],[H],[CH2][CH1](c1ccc(cc1)F),1.0,,,[*]CC([*])(c1ccc(cc1)F),,Poly(4-fluorostyrene),[*]CC([*])c1ccc(F)cc1,
443,106.0,800.0,900.0,[H],[H],[CH2][CH1](c1ccc(C)cc1),1.0,,,[*]CC([*])(c1ccc(C)cc1),,Poly(4-methylstyrene),[*]CC([*])c1ccc(C)cc1,
444,112.85,800.0,920.0,[H],[H],[CH1](C(C)CC)[CH1](c1ccc(OC)cc1),1.0,,,[*]C(C(C)CC)C[*](c1ccc(OC)cc1),,Poly(4-methoxystyrene),,
445,82.85,90000.0,102000.0,[H],[H],[CH2][CH1](c1ccccc1),1.0,,,[*]CC([*])(c1ccccc1),,Poly(styrene) ,[*]CC([*])c1ccccc1,
446,119.85,644909.0,934270.0,[H],[H],[CH2][C](C#N)(C),1.0,,,[*]CC([*])(C#N)(C),,Poly(methacrylonitrile),[*]CC([*])(C)C#N,
447,85.0,982000.0,1197000.0,[H],[H],[CH2][C](C(=O)OCCCC)(C#N),1.0,,,[*]CC([*])(C(=O)OCCCC)(C#N),,,[*]CC([*])(C#N)C(=O)OCCCC,
448,-68.0,808333.33,2425000.0,[H],[H],[CH2]C(C)=[CH1],1.0,,,[*]CC(C)=C[*],,,[*]C=C(C)C[*],
449,-68.0,808333.33,2425000.0,[H],[H],[CH2]C(=C)C=[CH1],1.0,,,[*]CC(=C)C=C[*],,,[*]C=CCC([*])=C,
450,200.0,1538000.0,2076300.0,[H],[H],[CH1]=[CH1],1.0,,,[*]C=C[*],,,[*]C=C[*],
451,57.5,122222.0,385000.0,[H],[H],[CH2]CCCOC(=O)C(C)(C)C[CH2],1.0,,,[*]CCCCOC(=O)C(C)(C)CC[*],,,[*]CCCCCCOC(=O)C([*])(C)C,
452,62.0,23000.0,48300.0,[H],[H],[CH2]OCCCCOC(=O)C1=CC2=C(C=C1)C=C(C=O)C=[C]2,1.0,,,[*]COCCCCOC(=O)C1=CC2=C(C=C1)C=C(C=O)C=C([*])2,,,[*]C(=O)OCCCCOCc1cc(C=O)cc2ccc([*])cc12,
453,-66.0,80152.67,105000.0,[H],[H],[CH2]CCCCC(=O)[O],1.0,,,[*]CCCCCC(=O)O[*],,,[*]CCCCCOC([*])=O,
454,-8.0,70606.06,116500.0,[H],[H],[CH2]CCOCC(=O)O[CH2],1.0,,,[*]CCCOCC(=O)OC[*],,,[*]COCCCCOC([*])=O,
455,-74.0,395500.0,3164000.0,[H],[H],[CH2][CH2],1.0,,,[*]CC[*],,,[*]C[*],
456,-22.5,358666.66,807000.0,[H],[H],[CH2]COC(=O)C=[CH1],1.0,,,[*]CCOC(=O)C=C[*],,,[*]C=CCCOC([*])=O,
457,210.0,44150.0,229138.5,[H],[H],[C]1S[C](=C(OCCO2)C2=1),1.0,,,[*]C1SC[*](=C(OCCO2)C2=1),,,,
458,150.5,11000.0,57150.0,[H],[H],[CH2]OC1=CC=C(OC2=CC=C(C=C2)C(=O)C2=CC=C(C)C=C2)C=[C]1,1.0,,,[*]COC1=CC=C(OC2=CC=C(C=C2)C(=O)C2=CC=C(C)C=C2)C=C([*])1,,,[*]OCc1cc(Oc2ccc(C(=O)c3ccc(C)cc3)cc2)ccc1[*],
459,233.0,18650.0,24450.0,[H],[H],[CH2]C1CCC(CC1)S(=O)(=O)C1=CC=C(OC2=CC=C(C=C2)C(C)(C)C2=CC=C(C)C=C2)C=[C]1,1.0,,,[*]CC1CCC(CC1)S(=O)(=O)C1=CC=C(OC2=CC=C(C=C2)C(C)(C)C2=CC=C(C)C=C2)C=C([*])1,,,[*]c1ccc(Oc2ccc(C(C)(C)c3ccc(C)cc3)cc2)cc1CC1CCC(S([*])(=O)=O)CC1,
460,44.0,75000.0,150000.0,[H],[H],[CH2]CC(=O)O[CH2],1.0,,,[*]CCC(=O)OC[*],,,[*]CCCOC([*])=O,
461,12.5,247083.33,296500.0,[H],[H],[CH2]OC(=O)C=[CH1],1.0,,,[*]COC(=O)C=C[*],,,[*]C=CCOC([*])=O,
462,229.0,95663.26,187500.0,[H],[H],[CH2]C(=C)C(=O)[O],1.0,,,[*]CC(=C)C(=O)O[*],,,[*]COC(=O)C([*])=C,
463,120.0,37500.0,66000.0,[H],[H],[CH2][C](C)(C#N),1.0,,,[*]CC([*])(C)(C#N),,,[*]CC([*])(C)C#N,
464,-10.0,818333.33,2700500.0,[H],[H],[CH2]C=[CH1],1.0,,,[*]CC=C[*],,,[*]=CCC=[*],
465,80.0,240000.0,355200.0,[H],[H],[C](=C1)N[C](=C1),1.0,,,[*]C(=C1)NC[*](=C1),,,,
466,30.0,128250.0,256500.0,[H],[H],[CH2]OC(=O)C=[CH1],1.0,,,[*]COC(=O)C=C[*],,,[*]C=CCOC([*])=O,
467,85.0,61822.66,125500.0,[H],[H],[CH2][CH1](Cl),1.0,,,[*]CC([*])(Cl),,,[*]CC([*])Cl,
468,52.0,34074.07,138000.0,[H],[H],[CH2][CH1](F),1.0,,,[*]CC([*])(F),,,[*]CC([*])F,
